timestamp,symbol,open,high,low,close,volume
2016-06-24,MU,12.19896561503057,13.807941667977829,11.984435187877903,12.881561279296875,222199500
2016-07-01,MU,12.803549126870273,13.43739090257033,11.799158261156906,12.189214706420898,234751600
2016-07-08,MU,12.072198719279122,12.403744630631774,11.214076274110562,12.306230545043945,134459500
2016-07-15,MU,12.47200434170562,13.213108676313288,12.296479353874782,12.80355167388916,117836400
2016-07-22,MU,12.920565954227637,13.281370062243989,12.696286915617895,12.80355167388916,118907000
2016-07-29,MU,13.651919701171087,14.519792127985541,13.281368694258381,13.398385047912598,172649700
2016-08-05,MU,13.466643655738643,14.412526764979338,12.696288795656146,14.158991813659668,109886600
2016-08-12,MU,14.168742411959146,14.61730458657221,13.681175218440407,14.558796882629395,83101600
2016-08-19,MU,14.714819020983636,16.04100498063199,14.705067426770473,15.845976829528809,125180100
2016-08-26,MU,15.748465390518799,16.392050514370347,14.997607419630654,16.099510192871094,131655600
2016-09-02,MU,16.499322213289496,16.821117428835365,15.738711126712952,16.284791946411133,111871400
2016-09-09,MU,16.38230403957221,17.415947924374713,16.27503630370738,16.392051696777344,116623800
2016-09-16,MU,16.19702548935744,17.630485380759815,15.962992842313573,17.04540252685547,132927400
2016-09-23,MU,17.191669599230146,17.601224464563664,16.304292805997783,17.04540252685547,116386200
2016-09-30,MU,16.918633184313702,17.70849552516647,16.723606500725214,17.337940216064453,144137100
2016-10-07,MU,17.54271663095076,17.87426134097627,16.850368223182336,17.172163009643555,194554200
2016-10-14,MU,17.27942893945271,17.396446211154604,15.767967253965042,16.704097747802734,126963100
2016-10-21,MU,16.59683405227157,17.22092281951803,16.382303159709878,16.518823623657227,87313000
2016-10-28,MU,16.64559105709107,17.48421245336808,16.548076968909633,16.772363662719727,106923900
2016-11-04,MU,17.103905804543142,17.31843529919946,16.04100818994856,16.265289306640625,110645100
2016-11-11,MU,16.596833613179317,17.31843529020602,16.33354658628934,17.230670928955078,134934700
2016-11-18,MU,17.32818768427,18.85915251631295,17.09415499034846,18.732385635375977,148175900
2016-11-25,MU,18.907912301524277,19.931806685258522,18.868907775345964,19.629512786865234,81312400
2016-12-02,MU,19.678267064389903,19.775781146815238,17.72798847821903,18.322832107543945,152762700
2016-12-09,MU,18.527603566670084,20.468126946925686,17.942520976789982,19.990312576293945,153874400
2016-12-16,MU,19.795284541835343,20.477882942808336,19.00542392559495,19.766033172607422,130514100
2016-12-23,MU,19.922054638559032,22.905975165451565,19.68802191795029,22.68169403076172,192259000
2016-12-30,MU,22.769451559002867,23.052240349624224,21.209238015093984,21.375011444091797,88400400
2017-01-06,MU,21.52127448885217,22.2721310563713,21.414011595839465,21.492027282714844,82931300
2017-01-13,MU,21.39450859473808,22.3111340331003,21.16047764098534,21.6285400390625,104707200
2017-01-20,MU,21.33599673419005,21.784565522827595,20.95569943114906,21.41400909423828,90784900
2017-01-27,MU,21.41401010903862,23.500805659852915,21.1994806137489,23.37403678894043,115148700
2017-02-03,MU,23.22776926567149,24.680720643941942,22.84746632895588,23.988374710083008,152502900
2017-02-10,MU,23.92011698806164,24.27116102145009,23.305777149787428,23.45204734802246,116804300
2017-02-17,MU,23.471548058528633,23.598316914225084,22.116112741725928,22.769454956054688,151705900
2017-02-24,MU,23.03274019141889,23.461799752915056,22.07710490311711,22.662187576293945,78462100
2017-03-03,MU,22.77920551819099,25.041519361676016,22.57442573964932,24.934253692626953,151240900
2017-03-10,MU,24.865996179070887,25.27555383759382,24.19315349451509,24.553955078125,121467500
2017-03-17,MU,24.758731762405805,25.57784904447859,24.31992083713056,25.158538818359375,106409400
2017-03-24,MU,25.343808709226284,29.12735231755857,24.797735563282917,27.723154067993164,235008900
2017-03-31,MU,27.401354390545343,28.630031172813474,27.372099606361235,28.181467056274414,153457500
2017-04-07,MU,28.230218940929333,28.317981426087044,27.323339883186655,27.810911178588867,97726100
2017-04-14,MU,27.74265171020416,27.78165622770495,25.70461353001037,26.075164794921875,116740800
2017-04-21,MU,26.240937743700187,27.381850725093113,26.16292685446292,26.640748977661133,101742300
2017-04-28,MU,27.050303829863694,27.498867563817956,25.71437040713166,26.982044219970703,144325100
2017-05-05,MU,27.157570893990684,27.674392410160582,26.767517618545423,27.49886703491211,95518800
2017-05-12,MU,26.874781843328226,28.688536583730453,26.60174460617948,28.210718154907227,131065000
2017-05-19,MU,28.356989252191106,28.464254937667633,26.289700357099516,27.12831687927246,120904800
2017-05-26,MU,27.498870942368242,29.029837884649165,26.874780218411512,29.02008628845215,100549100
2017-06-02,MU,29.195600342147102,30.599800092564056,29.137090786925427,30.43402671813965,101834000
2017-06-09,MU,30.521789202242356,32.11126869625628,28.81530387736673,29.83919906616211,172343100
2017-06-16,MU,29.312618863041894,31.43842565641029,28.48375200814752,29.11759376525879,185806100
2017-06-23,MU,29.75143127443489,31.594448082896328,29.57590630987769,30.94110107421875,149661900
2017-06-30,MU,31.64319755124497,32.14051580269812,28.971321715512186,29.11759376525879,223644500
2017-07-07,MU,29.34187789101693,29.80019426008704,27.8499173362456,29.449146270751953,126441900
2017-07-14,MU,29.410137170301674,31.155636530029902,29.0103310756996,30.999614715576172,128357600
2017-07-21,MU,30.882594592934332,31.545685407530566,30.619307772267877,31.214139938354492,100675500
2017-07-28,MU,31.204392189663327,31.21414192548709,28.23997175293815,28.552017211914062,165841200
2017-08-04,MU,28.698289567348475,28.81530499579874,26.59198942160669,27.225828170776367,150796200
2017-08-11,MU,27.235582862166922,28.610523893234273,26.182437576056078,27.313596725463867,102197900
2017-08-18,MU,28.103448587979425,30.092733383219844,28.005934514101156,29.624664306640625,144438300
2017-08-25,MU,29.770936442188127,29.975715207916583,28.55201506270014,29.53690528869629,98255900
2017-09-01,MU,29.673425515253374,32.062509689571534,29.663673919989336,31.78946876525879,114878800
2017-09-08,MU,31.643201013318915,32.19902389330974,30.86309018348078,31.64319610595703,103159400
2017-09-15,MU,32.08201411728189,34.129798233899834,31.99425162390902,33.78850173950195,171710300
2017-09-22,MU,34.2565662216312,35.690013422996365,34.14930054903353,35.17320251464844,153990000
2017-09-29,MU,35.1439372425641,38.381402890629055,33.24242625717125,38.352149963378906,276595000
2017-10-06,MU,38.61542981647079,39.5320548261787,37.84508175358486,38.68369674682617,167126800
2017-10-13,MU,38.7324443978353,41.024020735227495,38.63492846197741,39.39554214477539,230678000
2017-10-20,MU,39.86360466244095,41.12153318062907,38.810465192981574,40.46819305419922,202428200
2017-10-27,MU,40.809493679665245,41.141040503656185,39.044488146072304,39.834346771240234,142752900
2017-11-03,MU,39.71732823250156,44.2029772837075,39.66857212810609,42.62324142456055,183442200
2017-11-10,MU,42.75975569621445,43.73490053959001,41.39456613661353,43.66664123535156,147125400
2017-11-17,MU,43.22782679063643,45.39263198142155,43.09130448029106,45.0123291015625,129661900
2017-11-24,MU,45.35362980456997,48.64958471990021,45.24636783660975,48.44480514526367,105646700
2017-12-01,MU,46.76758036604404,47.645204934173776,39.01523575798008,40.94601058959961,293507300
2017-12-08,MU,40.907016712923976,43.471621909828265,38.09861981938424,42.13568115234375,257823300
2017-12-15,MU,42.34045320738263,42.6622502519554,40.672964712627646,41.34580993652344,173186400
2017-12-22,MU,42.29169466428415,45.63641923393665,41.92114524739209,43.02304458618164,251320600
2017-12-29,MU,42.11617444535324,42.12592790049801,39.75634067378544,40.09763717651367,139783100
2018-01-05,MU,40.507196762583845,45.81194399216263,40.16589653947238,44.661285400390625,180084300
2018-01-12,MU,44.18347248759898,44.94407839271686,40.36092713106582,41.74562072753906,216409000
2018-01-19,MU,42.06742523953287,43.53988027006529,41.36532514790493,41.68711471557617,142873200
2018-01-26,MU,41.41407484834772,43.608134476466006,40.64371562759112,42.58423614501953,178215900
2018-02-02,MU,42.17468151816665,42.993796418830144,39.600321571768916,39.80509948730469,189802400
2018-02-09,MU,39.142005770913975,42.83778047244711,36.58715025391531,39.405296325683594,283107800
2018-02-16,MU,39.99037850568041,43.98843807667897,39.86361333665689,43.11081314086914,199480700
2018-02-23,MU,42.92553912834589,45.636422114371484,42.80852370825471,45.37313461303711,140670900
2018-03-02,MU,45.802188262536085,48.230280059173026,44.807562229650465,47.88899612426758,245500300
2018-03-09,MU,47.586692758770575,54.44190242506928,47.508683720138855,53.232730865478516,322940900
2018-03-16,MU,55.09525148891743,61.84320343311482,54.948979421802036,59.07381057739258,481561100
2018-03-23,MU,58.859283883706944,60.1854803424423,52.345364909047156,52.862186431884766,369128200
2018-03-30,MU,54.86122011409653,55.30003262109378,49.439452943385376,50.843658447265625,262492100
2018-04-06,MU,50.25857908975125,52.16984198479151,46.084991847736006,47.255157470703125,341180400
2018-04-13,MU,47.908498372145836,52.16008660741953,46.728579368179126,50.93141174316406,230076800
2018-04-20,MU,50.9509179202729,52.92069396345213,48.903134404220204,49.361446380615234,210744200
2018-04-27,MU,49.546716200022985,50.112299961061254,44.934332680395386,46.33852005004883,238480800
2018-05-04,MU,45.889949386089086,46.51404912375868,44.19320933877856,46.39703369140625,179661300
2018-05-11,MU,47.060119201355484,51.487242575560984,46.68957195919274,50.53160858154297,160484200
2018-05-18,MU,51.67252031507663,55.49505910256917,51.379975469668196,52.06257629394531,236616500
2018-05-25,MU,54.78320557705229,60.55601796148132,53.174227785958436,59.82466506958008,375628500
2018-06-01,MU,59.83441254971417,63.052368409024005,55.465808017233414,57.279563903808594,336973200
2018-06-08,MU,56.00212283651137,60.06844443457682,55.21226046207745,59.86366653442383,242220400
2018-06-15,MU,60.17571011175777,60.994825432222584,55.875367631775966,56.78224563598633,208442200
2018-06-22,MU,56.167892597529175,60.29272750744186,55.456042997342166,55.68033981323242,271877200
2018-06-29,MU,54.15911864570998,54.25663087356449,50.50235298028136,51.13618850708008,236942000
2018-07-06,MU,50.239064260288416,53.42776315709431,48.854367729852505,51.906551361083984,174101800
2018-07-13,MU,52.4623832724833,55.183016814181336,51.789539909560766,54.94898223876953,164578400
2018-07-20,MU,55.192756919237034,56.704226074205906,53.46676768355044,53.652042388916016,156174200
2018-07-27,MU,52.179595001018846,54.02260864599835,50.921670717984156,52.61840057373047,180514400
2018-08-03,MU,52.84267868977875,52.90118825556789,50.10255278964035,51.49699020385742,134916400
2018-08-10,MU,50.921672440643974,52.19909491143926,49.75149600898412,50.09279251098633,134649400
2018-08-17,MU,50.32682888914416,50.76564135046189,44.485753347002984,45.9387092590332,182533100
2018-08-24,MU,46.221511000242714,49.55646853878089,45.31463298437509,49.439453125,149953700
2018-08-31,MU,50.07328693130609,52.345362673233694,49.89776196155693,51.21420669555664,149137600
2018-09-07,MU,50.84365196898615,50.99967376898884,42.964547730221575,43.744659423828125,209627900
2018-09-14,MU,44.12495741387663,44.251726288889735,39.66858548821027,43.198570251464844,249507400
2018-09-21,MU,42.50623258481874,46.04597673869082,42.1746857732981,43.62763214111328,266174900
2018-09-28,MU,43.10106626595784,44.51501599198464,42.769519459302266,44.10546112060547,154799000
2018-10-05,MU,44.31022603370028,45.529161977501936,41.74562672538749,42.496482849121094,158542200
2018-10-12,MU,42.20393486160981,42.75976274215509,40.292667852541214,41.41407775878906,188503100
2018-10-19,MU,40.985006305248035,42.31120166593472,39.26876901120269,39.44429397583008,146485900
2018-10-26,MU,39.55157049325062,39.688089120992544,33.44719874033418,34.51985168457031,214785000
2018-11-02,MU,35.241462538239524,39.922111734460174,32.97914422848069,39.317527770996094,191178400
2018-11-09,MU,39.10300379988668,40.399938806817,37.4550221892768,38.13761901855469,106889900
2018-11-16,MU,37.28924505610206,39.17125479926807,35.924051601970696,38.45940399169922,129891100
2018-11-23,MU,38.225372757206685,38.34238816058643,33.20341705907003,35.494991302490234,103753900
2018-11-30,MU,36.81142877886084,38.03034541981084,34.64662303515495,37.60129165649414,142068000
2018-12-07,MU,39.2005157042932,39.23952208458067,34.256561112056076,34.432098388671875,140560500
2018-12-14,MU,33.96402913581329,35.69977480278247,33.21317088514785,33.34968948364258,139608500
2018-12-21,MU,33.310684455356174,34.34433115985451,29.361382278665857,29.566160202026367,298754100
2018-12-28,MU,29.117598317873284,31.477428399663047,27.684145233083303,30.78508186340332,139214500
2019-01-04,MU,31.194636954370417,32.25754232032807,29.985470720829852,31.886981964111328,105099200
2019-01-11,MU,32.86212646607044,35.81678884640492,31.994249075569744,35.114688873291016,187330700
2019-01-18,MU,33.85676612444804,35.29021228924356,31.847978749670418,34.87090301513672,164407400
2019-01-25,MU,34.373575387351714,38.33264470410971,32.60858213481432,37.9913444519043,194160600
2019-02-01,MU,36.031322166860704,38.86897434138862,35.73878173554405,38.61543655395508,178362500
2019-02-08,MU,38.56667939865083,40.91676434689074,36.51889008967398,37.62079620361328,179387700
2019-02-15,MU,37.640295674786245,42.086920133065306,36.431127589982296,40.94601058959961,194773700
2019-02-22,MU,40.663233016310414,42.184434880681735,40.39018227706341,41.511592864990234,100507700
2019-03-01,MU,42.72076147223233,42.89628646335985,38.81045936468292,40.54619598388672,125341100
2019-03-08,MU,40.838735517176644,41.102022933673915,35.660761901596025,37.689048767089844,166385700
2019-03-15,MU,37.942596825446124,38.849467150505824,37.386757788194686,38.55692672729492,117033800
2019-03-22,MU,38.61542965085136,43.11081749374576,38.176620909247504,40.585208892822266,228009300
2019-03-29,MU,40.312176070029444,40.936263345912145,38.04010346629484,40.30241775512695,146363700
2019-04-05,MU,41.21905000440118,43.73489466627075,40.68272528688826,42.242942810058594,146766100
2019-04-12,MU,41.131278023722814,42.125926947691084,40.24392284838355,40.965511322021484,116759200
2019-04-19,MU,41.121531804877876,42.954804249419084,40.17565129945511,42.320953369140625,74555400
2019-04-26,MU,42.06741562959181,43.53987685754304,39.75634178097554,41.05327224731445,115012900
2019-05-03,MU,41.082533434326194,42.30144928827719,40.54620538641857,42.25269317626953,81092600
2019-05-10,MU,40.370677522361966,41.23854894821533,36.713915787737065,37.971839904785156,145272700
2019-05-17,MU,36.4311231846231,37.737807750877266,34.90991058177625,35.163448333740234,135203900
2019-05-24,MU,33.886019525256394,34.98792172753647,32.14052261183888,33.154666900634766,139785900
2019-05-31,MU,33.30094022892684,33.466710597585624,31.370154700705072,31.79922103881836,95119400
2019-06-07,MU,32.13076741355065,34.51984991608313,31.66270206322893,33.14491653442383,115839300
2019-06-14,MU,33.739749853616864,35.09519484009264,31.43842089906432,31.847976684570312,105984800
2019-06-21,MU,31.7309648736948,34.38333290672648,31.340908511986726,32.423316955566406,134763400
2019-06-28,MU,32.37455676962373,38.42041297505364,31.79922002793048,37.630550384521484,280183200
2019-07-05,MU,40.13665208206665,40.67297686596213,37.8353192899843,38.439903259277344,122590200
2019-07-12,MU,38.0596058722271,43.58863309138766,37.97184337048313,43.40335464477539,171678900
2019-07-19,MU,43.57887610717786,44.85630231643131,41.5408461277848,44.38823699951172,143186500
2019-07-26,MU,45.34387653767104,47.48918382939393,45.08059574244663,46.30927658081055,156371100
2019-08-02,MU,45.704681869265286,46.494537763526424,41.1702985671085,42.98405456542969,147595600
2019-08-09,MU,41.34582090613361,42.11617257936785,39.68808557589372,40.48770523071289,139102300
2019-08-16,MU,40.029377304652016,43.95918627455698,39.95136827079304,42.46722412109375,115684700
2019-08-23,MU,43.55937954445473,44.319985072873514,41.59935107561184,41.89189147949219,98897100
2019-08-30,MU,42.65249830732933,44.78804913430782,40.721738579472174,44.14445877075195,78016200
2019-09-06,MU,43.49111520253305,48.40581225046476,43.33509340804296,47.75246810913086,96727400
2019-09-13,MU,48.30829146352115,50.112296825164705,47.294150197585715,49.24442672729492,108002900
2019-09-20,MU,48.29854563366625,50.024535715178665,47.55743744703703,47.937740325927734,86347500
2019-09-27,MU,48.308296365995645,48.942133295521,41.84314071109037,42.13568115234375,174011700
2019-10-04,MU,41.930898069682996,43.51062686960946,40.711970218125835,43.44236755371094,131406000
2019-10-11,MU,43.19858375800955,44.68077952636731,41.550589869848025,43.97867965698242,91416500
2019-10-18,MU,43.842171664885036,45.392637266176465,42.15518659400227,42.38922119140625,84791900
2019-10-25,MU,42.86703194096299,47.06987671532724,42.82802555881354,46.83584213256836,88850800
2019-11-01,MU,47.29414501537983,47.94749967263451,45.30487895148958,47.1771354675293,74113900
2019-11-08,MU,48.16202747296431,48.65934954625736,45.78268899007071,46.016719818115234,89280100
2019-11-15,MU,45.55841013663479,47.31365857242332,44.63202732548963,46.52379608154297,74886800
2019-11-22,MU,46.757822783954495,47.20638493891442,43.92018496970735,44.72954177856445,81122500
2019-11-29,MU,44.95382329591863,47.069881673533196,44.79780149318526,46.32876205444336,54405900
2019-12-06,MU,46.38727642379493,47.12838340042391,43.44236743664636,46.73832702636719,86768800
2019-12-13,MU,46.38727668531722,51.019173553735286,45.27562086341339,49.92702102661133,124515400
2019-12-20,MU,51.44824283939311,54.53942749094735,51.06792397173593,53.69105911254883,206151400
2019-12-27,MU,53.856819217872,54.71494086968865,52.55014596107594,52.68666458129883,63029800
2020-01-03,MU,52.433128811485275,54.110367672059084,51.35072590116528,53.174232482910156,65556900
2020-01-10,MU,52.413619306028444,57.02602147012122,51.83828826624723,55.26102828979492,139906600
2020-01-17,MU,55.59256661198268,56.850495315888836,54.45165942874333,56.226409912109375,107537800
2020-01-24,MU,55.94361594990588,59.054305989759136,55.81684936921929,56.323917388916016,102127500
2020-01-31,MU,53.77882220742731,55.76809965210149,51.38972808544852,51.7700309753418,124467900
2020-02-07,MU,51.92605340760715,57.698865399558066,51.68226911930852,55.46580123901367,104515600
2020-02-14,MU,54.900215974477,59.66864456240249,54.80270375599099,57.045528411865234,134486600
2020-02-21,MU,55.65108104259052,58.75201578352411,54.500417376886574,55.57307052612305,92684700
2020-02-28,MU,51.98456557012851,54.08110832220851,47.18689850020451,51.25322341918945,179761400
2020-03-06,MU,51.87729098261515,54.22738541290904,48.756862304477316,50.19031524658203,154924600
2020-03-13,MU,44.34924180887784,47.391668995911935,37.055215013374045,41.921142578125,176779500
2020-03-20,MU,36.42136816428956,38.16686441655871,30.356015798493946,35.21220779418945,176949700
2020-03-27,MU,36.070321110899336,44.61251842833454,34.80263997020475,42.398956298828125,247207200
2020-04-03,MU,43.0718085719218,44.437002147262504,38.35215316484554,40.19514465332031,167920500
2020-04-10,MU,42.27220210320488,48.571587150028364,42.2624523665631,44.98308181762695,140039300
2020-04-17,MU,43.78366229697773,47.177129928262275,43.28634023585081,44.56376266479492,128554600
2020-04-24,MU,43.41310592451597,43.959184062130134,40.16589695573577,43.06206512451172,123147000
2020-05-01,MU,43.88117571534,48.89337748563353,43.413103275836164,43.93967819213867,134424500
2020-05-08,MU,43.091311508763795,47.255151010456814,42.525733867351136,47.05037307739258,98205700
2020-05-15,MU,46.55304762101065,47.518431284110726,41.45308212769425,43.30583190917969,135557300
2020-05-22,MU,44.69053484214205,45.87046031514904,43.14006556644562,43.82265853881836,86404500
2020-05-29,MU,45.07084498057972,48.34730415586436,42.80852456292512,46.71881866455078,145001700
2020-06-05,MU,46.30926395463063,53.457026059327625,44.43700418814377,52.384376525878906,148448300
2020-06-12,MU,53.144977176815765,53.281495789065936,46.18248941844215,47.47941970825195,113649300
2020-06-19,MU,46.18249582389988,51.43848468792731,45.92895808285424,49.56622314453125,94286300
2020-06-26,MU,49.82951317071294,50.12205732854478,46.10449075810725,47.28440475463867,90394500
2020-07-03,MU,47.479427845560124,51.16545589641378,46.397028702932886,48.591087341308594,116299100
2020-07-10,MU,49.48820492866096,50.15129841544108,47.5184328418661,49.439453125,88070300
2020-07-17,MU,50.034279847685035,50.98016019000928,46.75782423084181,48.24003601074219,85680800
2020-07-24,MU,48.42530589034629,52.85243400488459,48.30829048557605,48.7763671875,104414900
2020-07-31,MU,49.341939825466625,50.42434269056176,47.888983879901346,48.81537628173828,81398400
2020-08-07,MU,49.13716125488281,50.20006112119648,46.85534039951521,47.53793716430664,89937200
2020-08-14,MU,47.635449645206194,48.50332271261096,44.17370719041602,44.46624755859375,113809900
2020-08-21,MU,44.75880055682454,44.79780321912065,41.199539538816516,41.599342346191406,94799500
2020-08-28,MU,42.04791745084054,44.68078936173108,41.82363632826999,44.55401611328125,79062100
2020-09-04,MU,44.222468651427256,46.991854327963225,43.773906905636224,45.32437515258789,93199100
2020-09-11,MU,43.8714244324452,45.324375627975506,43.34484244122095,44.94407272338867,70532900
2020-09-18,MU,47.14788431155012,50.87290104412035,47.099128193266935,49.478458404541016,110819500
2020-09-25,MU,48.376555983414875,50.32683558322894,46.59204503843775,47.91823196411133,82878100
2020-10-02,MU,48.40580910882387,50.10255117462573,45.343879230042475,45.392635345458984,154710700
2020-10-09,MU,45.82170755578368,49.34193212088039,45.81195409877337,48.64958572387695,77252600
2020-10-16,MU,49.32245158440023,51.438476840262254,48.834882883343774,50.32683181762695,79413600
2020-10-23,MU,50.67787799426149,53.48626214032431,50.02453418080348,51.53599548339844,85460100
2020-10-30,MU,51.0971962294829,51.57501142543654,48.07426578879006,49.088409423828125,64483800
2020-11-06,MU,49.527213716501706,54.03235088385397,48.21077641248834,53.78856658935547,68383300
2020-11-13,MU,55.065998042477865,56.74322286627593,53.00846286736612,56.489688873291016,78340500
2020-11-20,MU,58.23519416124613,61.08257698700397,58.127928475198914,59.873409271240234,94674600
2020-11-27,MU,61.05333972723005,63.18889601291726,60.75104586083589,62.6330680847168,63206900
2020-12-04,MU,62.95485190487367,72.53069932590435,61.999221665906624,71.51655578613281,132155900
2020-12-11,MU,71.46781166108616,72.75498810993638,67.67451831458031,68.77642059326172,82191600
2020-12-18,MU,69.62479578276668,72.50145741560613,69.26399234972334,69.68328094482422,74901900
2020-12-25,MU,68.25961632483308,69.99533203568092,67.91831973115046,68.82518005371094,37707100
2021-01-01,MU,70.00508509899015,73.79839017669617,67.42097439168866,73.31082153320312,52583400
2021-01-08,MU,74.57849162517323,82.06753871288629,71.91636396362536,75.49510955810547,166182400
2021-01-15,MU,74.68574804990878,80.16603468911582,74.51997652592564,78.71306610107422,85181400
2021-01-22,MU,79.25914931448982,85.08072239767291,78.94710571245271,80.23428344726562,76719900
2021-01-29,MU,81.12166320173696,81.42395334242202,72.48196157275618,76.32398223876953,92760600
2021-02-05,MU,77.61117860376076,80.47807199454836,76.52878298298141,79.08363342285156,66220100
2021-02-12,MU,79.7174380110575,86.12412091381842,79.27866915016729,85.82183074951172,65650800
2021-02-19,MU,87.0017312334293,89.2153002236753,82.78915131895977,88.69847869873047,61400900
2021-02-26,MU,87.3040459426462,90.78527147805502,80.39030907059427,89.25428771972656,105895700
2021-03-05,MU,92.18946796314412,93.36938303351837,79.81497860578997,86.71894836425781,127312800
2021-03-12,MU,86.36790459808773,87.976886552098,82.75989980481604,85.58778381347656,111050400
2021-03-19,MU,85.58777278159951,93.11584528889972,83.99830212082799,88.25967407226562,121344500
2021-03-26,MU,89.54685703732477,90.1221844539444,78.4887612254546,85.80230712890625,123221700
2021-04-02,MU,85.57804233220665,92.03343288391342,83.13043892997699,90.11241912841797,100742700
2021-04-09,MU,91.59463815403356,93.99346382885871,90.17093872453272,92.93057250976562,92159400
2021-04-16,MU,92.82332230719466,94.54931206103608,87.22601497191603,88.40593719482422,93413500
2021-04-23,MU,88.41569608787051,88.42544954386523,81.81402298408278,83.89104461669922,105702500
2021-04-30,MU,84.3201033568439,87.94761690200393,83.22795108246336,83.93006134033203,82883600
2021-05-07,MU,84.80769599051054,84.84670237703197,79.99049404509451,83.84228515625,73786000
2021-05-14,MU,82.8379049148176,82.88666475231928,74.51023815804368,77.71843719482422,109958200
2021-05-21,MU,77.133338197685,79.95148691626356,74.26643991076267,78.71306610107422,93405200
2021-05-28,MU,79.39567599044938,82.64289700008354,77.72817565759766,82.04804229736328,88229100
2021-06-04,MU,82.80863729642655,83.62775629494666,79.85398279426508,81.67750549316406,48714600
2021-06-11,MU,81.12165077111126,82.86716673786987,76.56777386674574,77.36739349365234,95466800
2021-06-18,MU,77.52342372998635,81.04367035868815,74.2371844486018,75.03679656982422,110613400
2021-06-25,MU,74.93930008538484,80.78036013612552,73.82764415754787,79.9905014038086,88568900
2021-07-02,MU,80.5755852613692,83.27671279347706,76.9285638914887,78.332763671875,153551600
2021-07-09,MU,78.78134198559748,79.77597724641129,74.07141612057717,76.78230285644531,82709000
2021-07-16,MU,76.79203536640658,78.75207869083354,72.97927105570699,73.14505004882812,78603900
2021-07-23,MU,72.00413159750244,75.31959590246116,71.380044347231,74.05192565917969,85625900
2021-07-30,MU,73.92515436884784,76.16797514340688,70.70718849876586,75.65115356445312,77371000
2021-08-06,MU,77.07485717144024,81.0241372691593,75.54389182685344,79.96125030517578,99322300
2021-08-13,MU,79.69794876719541,80.0002388507387,67.09918751986532,69.15672302246094,183487000
2021-08-20,MU,68.45463514848004,70.09286438258994,67.32348554170206,68.4839096069336,82311700
2021-08-27,MU,69.07872712055762,75.11481580052687,67.18696569816782,72.16015625,112219100
2021-09-03,MU,72.27715693096144,72.8914905610754,70.51216748556664,71.97486877441406,65651000
2021-09-10,MU,71.9261240651608,73.74960054959436,69.34201205183147,71.67256164550781,62282600
2021-09-17,MU,72.70623515585399,73.34982934888407,69.9758317146647,72.45269775390625,78317900
2021-09-24,MU,70.79493312982683,72.93051059999448,69.41999405341693,72.20890808105469,88360000
2021-10-01,MU,71.81886267446752,73.99341465821055,68.45266978150839,69.3217544555664,118653000
2021-10-08,MU,68.94092266924098,69.98579000499974,67.40779859714412,68.47220611572266,80839400
2021-10-15,MU,68.25738149073563,68.70657079415237,64.12677884881842,66.08953094482422,94472000
2021-10-22,MU,65.43528776464936,67.57381014727784,64.73220635044754,65.92354583740234,77270200
2021-10-29,MU,67.98394047251581,69.44869064036581,65.86493933048594,67.47614288330078,79558000
2021-11-05,MU,67.34921783985278,72.00711250450814,67.31992402680312,71.20638275146484,60972300
2021-11-12,MU,71.59698801477808,76.18654097549992,71.40169097214458,75.48346710205078,92843700
2021-11-19,MU,75.93265860587289,81.88930090618283,73.42306996281766,81.07880401611328,100123100
2021-11-26,MU,81.69400806016199,85.64885492553287,80.05350784992206,81.45966339111328,104751800
2021-12-03,MU,82.39709524647571,86.95733080055882,78.7449690485929,79.70194244384766,119985900
2021-12-10,MU,79.90701057668089,84.99459868901742,78.63755737758409,83.52984619140625,73640500
2021-12-17,MU,84.57469842358928,85.32660043739361,79.03795654810293,81.04954528808594,78777500
2021-12-24,MU,80.2097181590024,92.76753625497724,79.00862719995963,92.20116424560547,135704400
2021-12-31,MU,91.51761550467388,94.47639080366395,89.8966182375605,91.0579833984375,96016900
2022-01-07,MU,91.80091393993578,96.23892940426336,91.38057085112474,92.32876586914062,104221800
2022-01-14,MU,92.14305745560479,95.90657163151508,88.99537285171995,95.17342376708984,90618900
2022-01-21,MU,93.38454314571702,93.79510880708176,79.68916268214035,80.08995819091797,93361900
2022-01-28,MU,78.4672329120136,82.8857406958515,73.82392021777432,77.48970031738281,120032800
2022-02-04,MU,77.18665826749972,83.26698126588221,76.26776708137119,79.34703063964844,92254100
2022-02-11,MU,79.53276514780069,92.51451736717773,78.67253144128944,87.7441177368164,117323100
2022-02-18,MU,89.92403372218473,94.33274960517883,86.7176990370267,88.7607650756836,103616200
2022-02-25,MU,87.82231829500132,91.8595691650272,81.90820422541178,88.07648468017578,83442100
2022-03-04,MU,86.46352334248463,91.95733168941405,78.71161491007936,80.07040405273438,116774600
2022-03-11,MU,79.92377539948133,81.10659942754133,71.00860493715022,71.18456268310547,119185100
2022-03-18,MU,70.13859025721943,79.37636432219844,66.80517171880594,77.62657165527344,133700600
2022-03-25,MU,77.21598071848942,78.09576932905162,73.39380576159367,76.34600067138672,121545000
2022-04-01,MU,76.8249703477845,84.3031831895981,72.39671800532949,74.46910858154297,206107700
2022-04-08,MU,75.17294782691718,76.42419983660955,69.33386902610545,70.61619567871094,116778400
2022-04-15,MU,69.05979546310117,72.1921998239484,68.6095027663104,68.6486587524414,77221900
2022-04-22,MU,68.7661265988353,74.61980486026559,67.84596923070777,67.94386291503906,87986000
2022-04-29,MU,66.97478944870309,69.82329141398425,64.46887077907273,66.74961853027344,93726300
2022-05-06,MU,66.72027865793461,72.33901816608169,66.15252804597868,68.86402893066406,77847200
2022-05-13,MU,67.7382955061092,71.09584261909073,64.47863955428349,70.40084075927734,106565800
2022-05-20,MU,69.99952447391254,73.1514957258267,64.71356548678699,67.44463348388672,89572600
2022-05-27,MU,67.31739228039518,71.88872341215846,64.50799718197777,71.77125549316406,75343100
2022-06-03,MU,71.91810891279947,73.81711770690814,67.65020709507641,68.46267700195312,70728200
2022-06-10,MU,69.2457587788585,70.61618810991021,60.96446860205404,61.29728698730469,85590300
2022-06-17,MU,58.752209011934156,59.67235222030018,52.46781551693211,54.57240295410156,107886800
2022-06-24,MU,55.61979390103659,57.753765789723616,53.79909840644474,57.20559310913086,58030800
2022-07-01,MU,58.321515064253894,59.3101668198554,50.31429179715014,52.51676559448242,126159000
2022-07-08,MU,51.077813368341154,59.26937541396832,50.98971426964202,58.004150390625,99539400
2022-07-15,MU,56.99392149958639,60.51498061154495,56.21911057475183,60.348243713378906,84574100
2022-07-22,MU,60.89749528252643,62.456953447111154,58.98494637013802,60.112857818603516,82639300
2022-07-29,MU,60.17169670069608,61.19172133687285,58.406272235568494,60.67190170288086,64434000
2022-08-05,MU,61.299623086689024,63.74179128608364,59.71073258524811,61.26039123535156,63558600
2022-08-12,MU,60.799412598626034,64.16353916043562,56.63104623994328,63.79084014892578,96472400
2022-08-19,MU,63.45736312866211,63.86930225877855,59.122257199410164,59.34783935546875,59047100
2022-08-26,MU,58.41608247991772,60.09323717655246,56.25833528279653,56.52315139770508,63752800
2022-09-02,MU,56.20929546195675,57.670677619042266,53.73769986342254,55.24811935424805,68927700
2022-09-09,MU,55.24812220895206,56.57219180110656,52.70785683180761,56.33679962158203,61504800
2022-09-16,MU,56.3564136157355,57.023353731779956,50.50107681922661,51.83495330810547,93580700
2022-09-23,MU,50.971849489159446,51.75648369629986,47.51946026962628,49.13776779174805,115651200
2022-09-30,MU,48.97104075406891,51.06012647964927,47.87255261061587,49.13776779174805,118848400
2022-10-07,MU,50.03029140762846,54.13981873711068,49.667398739684735,52.00328826904297,108453300
2022-10-14,MU,52.160549158998776,54.96171258616846,49.46750639954356,51.8165397644043,116181000
2022-10-21,MU,53.664327458656395,55.315535608437905,50.77472345070632,55.0894775390625,88733600
2022-10-28,MU,55.26639531242993,56.45566304769773,50.57814082025709,53.113929748535156,102624800
2022-11-04,MU,52.986150880312586,55.93473717694173,51.02043115120182,55.19758987426758,76616800
2022-11-11,MU,55.46297075256702,62.09730182265825,54.50959224746576,61.448612213134766,88115800
2022-11-18,MU,60.87853326062526,63.33570587752039,55.541595051083846,57.57612609863281,80131100
2022-11-25,MU,57.02572873042029,58.11670123739812,55.8462920285282,57.40903854370117,32281400
2022-12-02,MU,56.33771927881831,56.92742777846409,51.708432291535914,53.742958068847656,97558900
2022-12-09,MU,53.438272664172075,54.902742860460776,51.541348891478705,53.92970657348633,66703500
2022-12-16,MU,52.60284006791177,56.89795074062107,50.73540695429829,51.177696228027344,79432800
2022-12-23,MU,51.275976125087,51.39392241959823,47.60006825295467,49.339744567871094,112198100
2022-12-30,MU,48.75984513687121,50.21447797483134,47.68852407286257,49.23528289794922,52871900
2023-01-06,MU,49.80664768706512,56.4363704067513,48.81169477575076,55.92411804199219,76600800
2023-01-13,MU,55.97337822427749,57.5987913140783,54.82081309960619,56.08173370361328,65838900
2023-01-20,MU,56.308304348559275,57.726846705989104,54.45632341657749,57.588932037353516,46858600
2023-01-27,MU,58.042084945480404,63.38132555556358,57.982981355856474,62.918331146240234,69261100
2023-02-03,MU,61.824870076649574,62.96758856113706,57.776107289317714,61.480079650878906,88992200
2023-02-10,MU,60.0319795289108,61.46037462483561,58.367162397696035,58.92866897583008,55232300
2023-02-17,MU,58.92867579825578,61.38157485553708,57.638194971469424,58.13074493408203,57978100
2023-02-24,MU,57.47072820252587,58.859718420150436,55.9832263517304,57.313106536865234,50889800
2023-03-03,MU,58.288362296620406,58.67255443410937,53.90466029783285,55.93396759033203,58543400
2023-03-10,MU,56.426518706271104,57.77610821840626,53.71749646929095,54.11153793334961,63646900
2023-03-17,MU,53.165842372962686,56.85996495279144,51.97386864768846,55.815757751464844,88112800
2023-03-24,MU,55.855158375870126,60.85947181702231,55.244397563395346,60.24870300292969,84811900
2023-03-31,MU,60.27825394796712,63.46013550491545,56.958479654449555,59.4409294128418,146791900
2023-04-07,MU,58.91882630385404,59.20449851407537,55.17544192685604,57.80403137207031,85866700
2023-04-14,MU,60.3902083176955,63.529152334705664,60.005244626533354,61.821495056152344,121303900
2023-04-21,MU,61.41678584216971,62.630905815728966,59.09711732915043,60.340850830078125,59363000
2023-04-28,MU,59.32414386154526,63.60811715285217,57.280869498731185,63.52914810180664,86394200
2023-05-05,MU,63.06522168639748,63.272509821359556,59.12672920758507,60.4395637512207,61549700
2023-05-12,MU,60.4593049598899,61.50562246475767,58.78125394484723,60.13356399536133,65622300
2023-05-19,MU,61.4266572377233,67.70455266592327,61.00220791179615,67.28997039794922,100934000
2023-05-26,MU,64.90120087216773,73.62710010478683,63.923983378334675,72.97562408447266,131625300
2023-06-02,MU,73.42967584799587,73.80476759917947,67.04319589794743,68.27706146240234,86479500
2023-06-09,MU,68.60279638656907,68.60279638656907,63.183667048115865,64.58534240722656,80034600
2023-06-16,MU,64.9900377727956,69.58988606876693,64.94068776415979,66.78655242919922,81831100
2023-06-23,MU,66.45096096481899,66.74709125555067,64.00295643602858,64.4372787475586,44991900
2023-06-30,MU,64.78274861769516,67.07281356717888,62.088007568593724,62.29529571533203,141912700
2023-07-07,MU,62.62103155458792,63.489672409685845,59.71898798441998,59.97969436645508,60109700
2023-07-14,MU,60.15771616179113,64.81565506405988,59.910479130922425,63.37179183959961,69606100
2023-07-21,MU,63.094883781239915,65.42881176380953,62.639968591250074,64.92444610595703,68475900
2023-07-28,MU,64.63764828009548,71.54050675018578,64.28161400765045,70.41309356689453,70805400
2023-08-04,MU,70.33399288212024,70.97680312288546,66.41774896241688,69.13736724853516,60670000
2023-08-11,MU,69.07801937340186,69.45382445901879,63.36189338388663,63.6585807800293,59946900
2023-08-18,MU,63.65859220116027,67.72316951415071,61.067538753010915,62.887203216552734,65167700
2023-08-25,MU,62.9762085618513,65.50791598800119,61.93781270066759,63.01576614379883,53005900
2023-09-01,MU,64.993675806923,69.83950663540948,63.94539314715838,69.61204528808594,65945000
2023-09-08,MU,69.13736315541043,70.37354824219655,68.33630700416387,69.40437316894531,42185300
2023-09-15,MU,70.04719635613317,71.43172159145152,68.54399100553623,69.1076889038086,62484400
2023-09-22,MU,69.86915359433893,71.51082737091623,67.04079406562556,68.11874389648438,69122600
2023-09-29,MU,67.53526378910645,68.42531855035935,63.12455429766131,67.27812957763672,119570100
2023-10-06,MU,67.48580466498952,69.66873945328689,66.31884580519154,69.30221557617188,69433200
2023-10-13,MU,68.9555267269976,70.0550812593491,67.93521200595423,68.55928802490234,50458200
2023-10-20,MU,68.36115467377039,69.37156108044954,66.50873254364161,66.58798217773438,63955200
2023-10-27,MU,66.19175672519546,68.54937492314328,63.27939246576397,65.03276062011719,56815200
2023-11-03,MU,65.73606575158236,72.50186359753289,64.55725203830126,71.89759826660156,62097500
2023-11-10,MU,71.89759822597274,75.38449978355649,71.03576873861351,74.65145874023438,62981800
2023-11-17,MU,73.45283038659757,77.20720444710764,72.6999739219014,76.83077239990234,54408600
2023-11-24,MU,76.61284937858146,78.16809556876923,75.59252124127458,76.14727020263672,36369900
2023-12-01,MU,76.14724521098181,78.27701979222157,73.2943338464157,75.21609497070312,80350500
2023-12-08,MU,74.71087968263592,74.88918757801271,72.24430440457981,74.25521850585938,51992100
2023-12-15,MU,76.46425937045456,82.20971593270899,76.2463266088326,80.64457702636719,77330200
2023-12-22,MU,80.82288384380057,86.66741684700649,77.89071614774473,85.67681884765625,132319500
2023-12-29,MU,85.88482401594514,87.04382915579585,84.34331615177672,84.65081024169922,38545600
2024-01-05,MU,83.32163134511957,83.57954659864478,79.92926983310666,82.77609252929688,61130600
2024-01-12,MU,83.21253204560307,84.8194521963327,81.00053497292738,81.72463989257812,59873900
2024-01-19,MU,81.87343656847008,87.081036547632,81.66513336358395,86.80329895019531,57193400
2024-01-26,MU,87.55715744359681,89.31286512492085,85.59316195463903,87.33895111083984,81801800
2024-02-02,MU,87.78530380913818,88.84666254683117,83.93662965512104,85.78162384033203,57394200
2024-02-09,MU,86.03951297679241,86.51563997788658,81.80400034121774,84.86903381347656,62460400
2024-02-16,MU,84.83928636303403,86.20814677582823,78.60999014992385,78.85797119140625,71525500
2024-02-23,MU,78.68934442259372,86.11886619814322,78.51079777336618,85.30548858642578,50284200
2024-03-01,MU,88.95575809322627,95.28425431372581,88.10271241896933,94.38160705566406,105006700
2024-03-08,MU,96.14722551484583,101.02749315653556,92.5267074488526,96.83165740966797,95255400
2024-03-15,MU,95.12554701202407,96.71261839384248,89.57077851588711,92.4969482421875,93698000
2024-03-22,MU,96.0381100708248,112.58340820928419,90.26513217357879,109.31997680664062,210837900
2024-03-29,MU,109.34972470986949,121.47104559430907,109.27037652319106,117.05081939697266,150429700
2024-04-05,MU,118.35150382752028,129.61078798743225,118.15293050376712,122.70032501220703,168802300
2024-04-12,MU,128.14131421651683,128.77675792052037,119.07631603832418,121.64786529541016,115964500
2024-04-19,MU,122.7499727560668,123.89178832758795,104.96746552831918,106.0099868774414,126665900
2024-04-26,MU,106.83408470594817,114.24098771781598,105.87098810699798,114.02255249023438,97187800
2024-05-03,MU,112.99987147080749,115.45228905376072,107.97589375542734,113.88352966308594,76954500
2024-05-10,MU,118.92737997237326,120.98264979590877,116.60404360320165,120.37699127197266,71362100
2024-05-17,MU,122.05495689174859,129.20371308399572,120.78406943188747,124.39815521240234,74445400
2024-05-24,MU,126.22507987269688,131.01074642582637,122.40245293263237,128.56826782226562,80827400
2024-05-31,MU,130.82210560466618,132.35115212026395,120.14862570195692,124.11022186279297,62179000
2024-06-07,MU,127.21795893275544,133.17523194086849,124.25916762521912,130.00791931152344,79076100
2024-06-14,MU,128.78670951945432,143.1934232369259,128.78670951945432,140.35377502441406,76092100
2024-06-21,MU,144.54375609113748,156.41859478757038,134.73405986167967,138.54672241210938,157280100
2024-06-28,MU,141.42606934558182,143.04446821806093,129.8192730236254,130.59371948242188,225374300
2024-07-05,MU,129.5710728661683,136.1538731456962,126.36406136946935,130.66323852539062,90136700
2024-07-12,MU,130.46947106630302,135.6468955205346,129.25710340178844,132.71534729003906,110940200
2024-07-19,MU,133.07310283033263,134.5041056510383,113.13844961977705,113.54589080810547,121586500
2024-07-26,MU,114.63901110423447,115.612891560076,104.38350864776544,108.72621154785156,111422800
2024-08-02,MU,109.8491393498931,110.64414103666331,90.50082596923967,92.12063598632812,131619500
2024-08-09,MU,87.08231023270797,93.93919510055493,84.37931658700094,92.49826049804688,139309300
2024-08-16,MU,92.51814665610951,108.78582458894853,92.05108282605318,107.31507110595703,112422400
2024-08-23,MU,106.57970779060018,110.30627269252714,99.68308030401072,102.20720672607422,88911100
2024-08-30,MU,100.04082679307814,101.55133128211976,92.12063175288239,95.63851165771484,107354900
2024-09-06,MU,93.04482378239324,93.29326131980595,84.72714590199483,85.84014129638672,82731500
2024-09-13,MU,87.30094671476031,90.89832461475672,83.59426326208813,90.64988708496094,110592200
2024-09-20,MU,86.69476968357606,90.40145613103279,85.38301965689818,90.33189392089844,118289600
2024-09-27,MU,92.1007619691199,114.0825245045915,92.00138847287502,106.82814025878906,252126300
2024-10-04,MU,105.41702703545536,106.0828378751073,98.32164962547334,101.61096954345703,144277300
2024-10-11,MU,101.63582151052867,107.0976720480788,99.80526788274413,106.37141418457031,105789800
2024-10-18,MU,107.25683163213589,113.55435511170737,102.1830044036373,110.57970428466797,102177100
2024-10-25,MU,110.52994920563069,110.5697448781972,103.00873960672556,107.3563232421875,69233500
2024-11-01,MU,106.23212218540598,108.19201404519481,98.56168410666234,99.21829223632812,75321100
2024-11-08,MU,100.97921509409623,113.71353874769937,100.48178053698246,111.32585144042969,74757700
2024-11-15,MU,110.38071588317676,110.93784770155143,95.14928251475948,95.84568786621094,91733600
2024-11-22,MU,96.05461589343257,103.17786711194242,95.03984514766292,102.11335754394531,69866200
2024-11-29,MU,103.31715916065956,105.85407851578388,95.6069195152608,97.44742584228516,72889400
2024-12-06,MU,97.09921950182571,103.71509440534025,97.02957897068781,100.65089416503906,82141400
2024-12-13,MU,100.1335706908436,104.46126324576846,96.77092119282261,101.97409057617188,96199700
2024-12-20,MU,105.06812422652396,111.46513940857056,83.11137445831798,89.6576156616211,282552200
2024-12-27,MU,89.53822860631746,90.63258321567808,87.13063163366384,88.17523956298828,72953600
2025-01-03,MU,86.65610352249679,89.85377485994294,83.76722885719141,89.5250473022461,77059000
2025-01-10,MU,95.20315924295747,106.33029194839695,95.11350835130901,98.95870208740234,150502800
2025-01-17,MU,95.47213430963834,105.47359159978241,92.52349657020372,105.3440933227539,104033300
2025-01-24,MU,105.02532379682752,110.2452129113282,102.32572523585598,102.7939224243164,85959300
2025-01-31,MU,94.49589044193067,95.7311287038858,87.42314816249008,90.8897933959961,153821800
2025-02-07,MU,88.30973758471046,96.23917835070714,87.68215083997683,91.94572448730469,78839300
2025-02-14,MU,92.83229476246943,100.31347149688924,87.0147202613084,99.13800048828125,89081000
2025-02-21,MU,102.24603167606784,107.46591662099645,97.37480447939029,98.46061706542969,80656600
2025-02-28,MU,99.8353281340815,100.31348150045683,89.52505953196633,93.27062225341797,100572500
2025-03-07,MU,95.44225085408566,95.83075331237038,86.46682509428175,92.60319519042969,95745600
2025-03-14,MU,89.24611831887294,102.385489053382,85.43082498642534,100.40312957763672,110893000
2025-03-21,MU,100.67209139760413,104.288160311022,93.34034094318936,94.35643005371094,144606300
2025-03-28,MU,95.73112953336016,98.04222417257996,87.26376040974885,88.10054016113281,117482200
2025-04-04,MU,85.7814442306095,89.7014616873925,63.69770413515551,64.5555191040039,146524200
2025-04-11,MU,63.77749783372699,78.36034514068005,61.383599614875635,69.37325286865234,229826600
2025-04-18,MU,74.48024157406988,74.5899626432166,66.82972411977528,68.62515258789062,100936500
2025-04-25,MU,67.5878008880813,80.09593036450289,65.48316250806096,79.5772476196289,110184600
2025-05-02,MU,78.56981697235834,81.46245243692907,73.31321099862284,80.5148696899414,88008600
2025-05-09,MU,79.2081866681493,86.05075401428313,78.34040974298091,85.64179992675781,71175200
2025-05-16,MU,92.5741332091324,97.9404732646012,91.716318176734,97.7509536743164,130624200
2025-05-23,MU,95.46676128549727,98.76834680220963,90.69891930003955,93.13272094726562,72265900
2025-05-30,MU,94.93810828574611,99.37680306472767,91.98564245949451,94.2199478149414,66499800
2025-06-06,MU,94.33963904084393,110.76778859602584,94.16009618306457,108.28411102294922,103747600
2025-06-13,MU,109.23169456091533,116.96200784426675,108.30405774879887,115.30621337890625,99252700
2025-06-20,MU,117.51059873678636,123.84447069545367,117.02184613900565,123.285888671875,91682200
2025-06-27,MU,123.3557158147608,129.52001633682465,119.5055246173383,124.44293975830078,188793500
2025-07-04,MU,124.5825834564367,124.76212631286411,117.75997001775757,121.9792251586914,90177200
2025-07-11,MU,120.9858119896976,125.94785907032757,118.71945296689152,124.33045196533203,97049600
2025-07-18,MU,120.18708974903116,121.19548155743294,110.77220299393423,114.20669555664062,141743700
2025-07-25,MU,113.40796956278606,115.73423759039883,107.95672560695013,111.08171844482422,104582800
2025-08-01,MU,111.54097965207745,114.70589060718783,103.21434055919525,104.7119369506836,99192000
2025-08-08,MU,105.85010950926048,119.13877548684796,105.29100929440547,118.69947814941406,93587200
2025-08-15,MU,124.76974068836964,128.39392481474198,119.24859895905308,120.67630767822266,110687800
2025-08-22,MU,121.15554108489653,124.04090120248529,113.27818036480753,117.49142456054688,79708200
2025-08-29,MU,117.49142729507604,122.57326719628436,115.62441958773626,118.81929779052734,70677900
2025-09-05,MU,115.67434153318575,131.199414034169,114.06692085746202,131.1594696044922,74878300
2025-09-12,MU,130.34081363140146,158.02636307745186,128.19424958649523,156.97804260253906,150723600
2025-09-19,MU,156.7084818407223,170.17685192055103,155.0111960038449,162.46922302246094,121379300
2025-09-26,MU,164.11659550785987,168.7191930934654,154.40219004129474,157.0179901123047,182518300
2025-10-03,MU,159.7436001992301,191.66252977109554,159.71364949293968,187.64645385742188,142795300
2025-10-10,MU,194.8194216803748,200.80357346188558,179.43447043743328,181.4225311279297,137766200
2025-10-17,MU,190.60354324747644,206.13836682363421,186.06797606672038,202.18223571777344,119958300
2025-10-24,MU,209.4551226526565,219.60520580985403,192.21197133294183,218.8059844970703,104155200
2025-10-31,MU,224.59030693239927,232.17288931669233,215.52917831725236,223.55133056640625,93163000
2025-11-07,MU,233.65146654717591,246.1692130268753,217.18753584959745,237.68748474121094,136143500
2025-11-14,MU,247.71768201485662,256.8187796646657,229.93508685096947,246.5887908935547,136251900
2025-11-21,MU,246.67870651848116,260.3253463021206,192.40180226044018,207.1673583984375,183505300
2025-11-28,MU,213.20145759092787,237.86734399049777,212.15248061108522,236.24891662597656,81226700
2025-12-05,MU,232.06299193783067,244.13118688757797,223.1117647886667,236.98817443847656,100267500
2025-12-12,MU,243.25207000901648,264.491262663534,239.08614433698853,240.90435791015625,104327100
2025-12-19,MU,246.86852348830158,268.1177130002352,221.4733625059069,265.6601257324219,219336200
2025-12-26,MU,276.8791524562695,290.5857641088608,268.0278254169774,284.51171875,88200600
2026-01-02,MU,280.16918631071405,315.4189641311382,278.3402494382078,315.23907470703125,109877400
2026-01-09,MU,324.9435130260007,346.1013528628384,309.3724325039071,344.8920593261719,183407300
2026-01-16,MU,340.3546446314014,365.60017353473944,328.0117433088152,362.54193115234375,140583200
2026-01-23,MU,364.4708256342844,412.19341373986845,361.14274901993673,399.4207458496094,181469500
2026-01-30,MU,395.2731172676128,455.2386907026428,384.07953006531557,414.6419982910156,201830300
2026-02-06,MU,411.9435595687579,442.17620767974205,363.6912637248487,394.4635925292969,214704900
2026-02-13,MU,380.47161322303185,438.51830622069866,365.8500107072858,411.4238586425781,194365100
2026-02-20,MU,400.72000141223486,430.3229944902613,394.37366527315834,427.92437744140625,112402300
2026-02-27,MU,422.0677739009512,436.63939483015685,400.94986968460194,412.1334533691406,150199500
2026-03-06,MU,401.2397011646354,417.37042672265255,367.23924459596833,370.08758544921875,166123900
2026-03-13,MU,363.75121121460063,429.1037439249959,357.46484133968016,425.8855895996094,170465900
2026-03-20,MU,445.90408477349564,471.0696217040618,415.1217262287037,422.65740966796875,283876000
2026-03-27,MU,425.90552375147496,444.0151239422344,349.79924385156124,357.0151062011719,255433700
2026-04-03,MU,362.6042190325812,377.831890789038,311.442100475299,366.18365478515625,273313500
2026-04-10,MU,373.742491438278,423.87480942392403,364.04400448577076,420.52532958984375,210334200
2026-04-17,MU,416.4059702509256,470.8975794478363,408.43719439316766,455.0000305175781,196952200
2026-04-24,MU,458.17951836169027,506.9120254195625,435.83294982510625,496.64361572265625,179303300
2026-05-01,MU,510.4814625795857,545.8260301905997,488.15493538178663,542.1266479492188,199133600
2026-05-08,MU,560.5137893132991,747.0950922801325,557.6742601074695,746.6951293945312,278696400
2026-05-15,MU,792.858027429677,818.5440789846186,706.491338412229,724.5485229492188,290252700
2026-05-22,MU,750.3446270815475,780.0800437126234,652.1097534544188,750.884521484375,249126400
2026-05-29,MU,820.373834573117,980.849170500169,820.1738531212661,970.8507080078125,259049400
2026-06-05,MU,1009.5647539871434,1089.1225286874078,863.8771362304688,863.8771362304688,266599400
2026-06-12,MU,938.1257167401803,1012.4642868369024,854.218593891356,981.4590454101562,283463100
2026-06-19,MU,1055.7275939797146,1149.2532401330302,1013.9840809607729,1133.8155517578125,201286100
2016-06-24,NVDA,1.1637322989664693,1.1899641303437931,1.1105350253500155,1.1210764646530151,2024460000
2016-07-01,NVDA,1.1117606868962842,1.1610362268931542,1.0926388759074828,1.1438755989074707,1799368000
2016-07-08,NVDA,1.1375013748698843,1.2524773830115896,1.1284308546927708,1.246593713760376,1521520000
2016-07-15,NVDA,1.264489970937461,1.318913291354762,1.2630190533537158,1.2919468879699707,1955648000
2016-07-22,NVDA,1.3078815161041026,1.34024178981781,1.293662726574095,1.34024178981781,1609180000
2016-07-29,NVDA,1.3483316736522284,1.4034901709363006,1.3424480033830197,1.399812936782837,1905216000
2016-08-05,NVDA,1.405697328661258,1.4275152664310446,1.360589315880871,1.426779866218567,1527996000
2016-08-12,NVDA,1.4463923533637422,1.5537682849290508,1.4248189710912964,1.5454331636428833,3159956000
2016-08-19,NVDA,1.5471490892048398,1.5567099937898792,1.4870871369080878,1.5263113975524902,2079412000
2016-08-26,NVDA,1.5309691098372578,1.5551578660039118,1.4922832462385565,1.523475170135498,1589016000
2016-09-02,NVDA,1.5296155613019289,1.5566314040744127,1.5021076108469529,1.5357555150985718,1700380000
2016-09-09,NVDA,1.5411589998936521,1.5529476368627049,1.4490576992468114,1.4618290662765503,1718368000
2016-09-16,NVDA,1.4424262935379462,1.5534383895046744,1.4077962078848354,1.5433686971664429,2806732000
2016-09-23,NVDA,1.559578425987247,1.6072261135333124,1.540913101051931,1.5951913595199585,1669316000
2016-09-30,NVDA,1.5770166522549547,1.6993273184122495,1.5603156898465602,1.68287193775177,1719196000
2016-10-07,NVDA,1.6828715548933284,1.7118528052137567,1.627365300737281,1.6418558359146118,1476132000
2016-10-14,NVDA,1.6504517982219755,1.6592935663953907,1.564490799545121,1.6207338571548462,1817088000
2016-10-21,NVDA,1.6204880755158377,1.668871940645985,1.6091903402786243,1.6588022708892822,1255352000
2016-10-28,NVDA,1.670100422043264,1.7916741526980744,1.669854719735397,1.7329744100570679,1750608000
2016-11-04,NVDA,1.7386235884366263,1.7636746950775615,1.6352241824784874,1.6595388650894165,1659904000
2016-11-11,NVDA,1.7081687669670604,2.180217649343312,1.6396452664172936,2.160569429397583,4418620000
2016-11-18,NVDA,2.163516293516813,2.328070840129973,2.053731890332116,2.292949676513672,4371920000
2016-11-25,NVDA,2.310878246752644,2.3428704202241324,2.2688797049132745,2.3160598278045654,1405604000
2016-12-02,NVDA,2.3089264895275723,2.3303259095950093,2.0850933488844428,2.1756110191345215,2677620000
2016-12-09,NVDA,2.213490042522905,2.376568636203618,2.1891389509134416,2.25850248336792,2345740000
2016-12-16,NVDA,2.210046193880821,2.4769251134575607,2.153226987173576,2.469792127609253,3809184000
2016-12-23,NVDA,2.452328368178544,2.7017415974503396,2.4351102566934766,2.700265645980835,3535152000
2016-12-30,NVDA,2.7563475367443804,2.949926794563311,2.5285787104900077,2.625490665435791,6878336000
2017-01-06,NVDA,2.567933520831202,2.6163898634551663,2.444456288357391,2.5359573364257812,4508368000
2017-01-13,NVDA,2.5457962327826964,2.685753617760832,2.4995536476542184,2.544074296951294,3406268000
2017-01-20,NVDA,2.5334982579387613,2.62696691487039,2.437815583452183,2.5583410263061523,2371932000
2017-01-27,NVDA,2.553175245048988,2.7521660797017424,2.550715482376114,2.7492144107818604,2251512000
2017-02-03,NVDA,2.7283065250454235,2.850800316047078,2.6542694456049754,2.813412666320801,2304748000
2017-02-10,NVDA,2.804065927650261,2.974277222661696,2.7696299132529547,2.7947189807891846,4196232000
2017-02-17,NVDA,2.789060804278896,2.8035730746434693,2.5775267228442647,2.6375434398651123,3615292000
2017-02-24,NVDA,2.662140065843984,2.75342292595636,2.3569101208376817,2.4987680912017822,3608516000
2017-03-03,NVDA,2.5169933222701255,2.5908766670759134,2.369716927581068,2.424145221710205,3464588000
2017-03-10,NVDA,2.387941474078011,2.4948275295840374,2.343857183376024,2.4411375522613525,3103480000
2017-03-17,NVDA,2.4514825690770814,2.61353564458154,2.450743661776413,2.612304210662842,3553976000
2017-03-24,NVDA,2.629789292628745,2.7081066756432284,2.593340316584492,2.646782398223877,3252256000
2017-03-31,NVDA,2.600235172238444,2.709092644233003,2.55097901030837,2.6827392578125,2255420000
2017-04-07,NVDA,2.6832322814799165,2.7004718806496664,2.423652775047763,2.470938205718994,3527748000
2017-04-14,NVDA,2.4716775683250187,2.478327029416072,2.3517372608184814,2.3517372608184814,2295464000
2017-04-21,NVDA,2.364544780272681,2.5068954051352113,2.359372899763019,2.5041863918304443,1994148000
2017-04-28,NVDA,2.535710194209574,2.610086838701698,2.5147765253189474,2.5687122344970703,1755212000
2017-05-05,NVDA,2.5795485091476182,2.631513935735584,2.525859359563262,2.557875394821167,1712824000
2017-05-12,NVDA,2.569697407512665,3.212244733816736,2.519702319395996,3.149688720703125,6244420000
2017-05-19,NVDA,3.1908183302500723,3.407682111391923,3.129001860214506,3.35295033454895,5654012000
2017-05-26,NVDA,3.3965877719801276,3.5817402566336582,3.3458002524072206,3.4969303607940674,3721220000
2017-06-02,NVDA,3.54278747640774,3.624145464777477,3.5021079400433868,3.5413081645965576,2867764000
2017-06-09,NVDA,3.5250367013824278,4.154207656831671,3.5134493130043256,3.688246011734009,7043388000
2017-06-16,NVDA,3.596532744954067,3.815707219011461,3.503587015872353,3.738046407699585,6443460000
2017-06-23,NVDA,3.782178035372912,3.9875459067081622,3.7774935084634222,3.7925326824188232,4113992000
2017-06-30,NVDA,3.8253215240536282,3.860823361580767,3.5378558854453286,3.5639891624450684,4853884000
2017-07-07,NVDA,3.5760698657803007,3.6364722820362543,3.4165580902878263,3.6182281970977783,2930516000
2017-07-14,NVDA,3.6916976017886722,4.099967630111991,3.6655643208196715,4.066685199737549,5172736000
2017-07-21,NVDA,4.100707495383947,4.173931308112767,3.976699263241394,4.144346237182617,3742404000
2017-07-28,NVDA,4.1514958655279095,4.18946357518036,3.8844924487719226,4.052879333496094,3085688000
2017-08-04,NVDA,4.066439645192036,4.19291402744633,3.9599343247462575,4.122403621673584,2501016000
2017-08-11,NVDA,4.151495469527373,4.30361243291813,3.769850406464079,3.8450450897216797,4828816000
2017-08-18,NVDA,3.936512093213958,4.183051759260188,3.9249247068549793,3.981627941131592,3766832000
2017-08-25,NVDA,4.006035684874847,4.127759351406601,3.879806960798516,4.042135238647461,2480548000
2017-09-01,NVDA,4.061135861021363,4.241763027562376,4.003887740004805,4.2062296867370605,2156108000
2017-09-08,NVDA,4.154902164391834,4.159837426803597,4.014991946187767,4.0391740798950195,1944760000
2017-09-15,NVDA,4.08482398588589,4.44434928894043,4.079395008213045,4.44434928894043,3438396000
2017-09-22,NVDA,4.568469414273191,4.71800471658635,4.382661321073634,4.416959762573242,4850492000
2017-09-29,NVDA,4.386115095502864,4.434972863986991,4.1988264048503705,4.411284446716309,3768256000
2017-10-06,NVDA,4.461376193978597,4.4909880686783366,4.367608538186016,4.47371244430542,2077824000
2017-10-13,NVDA,4.510478992875672,4.81177244288442,4.491725375085216,4.801655292510986,3224896000
2017-10-20,NVDA,4.831512160915083,4.92503348342569,4.748848901647853,4.85865592956543,2644944000
2017-10-27,NVDA,4.880371198967552,4.981294729149223,4.717264726082027,4.981048107147217,2559036000
2017-11-03,NVDA,4.981047815313874,5.181167315021661,4.965255065709937,5.1495842933654785,2114488000
2017-11-10,NVDA,5.112816982673137,5.39584810052816,4.944282475425975,5.333418369293213,3572452000
2017-11-17,NVDA,5.33341703786811,5.358832749540778,5.127623245338634,5.21546745300293,2571048000
2017-11-24,NVDA,5.231013387196668,5.358359740780388,5.194246469201468,5.357370376586914,1332668000
2017-12-01,NVDA,5.366013224432125,5.3672476619487295,4.722022802902683,4.881289958953857,3967752000
2017-12-08,NVDA,4.939812212810802,4.945985811813881,4.459042279988659,4.728442668914795,3698840000
2017-12-15,NVDA,4.742517242996008,4.809682229896708,4.558308770760704,4.730172157287598,2490244000
2017-12-22,NVDA,4.77066895292674,4.890922106148219,4.722516560487966,4.821782112121582,1906804000
2017-12-29,NVDA,4.766470055877033,4.937838882780134,4.736591577211188,4.778075695037842,1204780000
2018-01-05,NVDA,4.83437689051606,5.38428765630567,4.802770377943248,5.318850040435791,2433712000
2018-01-12,NVDA,5.4423153193662275,5.587261938234885,5.333665957208936,5.506021976470947,2726828000
2018-01-19,NVDA,5.532444232660265,5.706281587472886,5.3507044795640475,5.682082653045654,2258768000
2018-01-26,NVDA,5.689984589553513,6.00877073442002,5.632450183320997,6.008523941040039,2532384000
2018-02-02,NVDA,5.993955117261491,6.15519962744378,5.70825742887083,5.766285419464111,2742212000
2018-02-09,NVDA,5.605288167231631,5.898886243549443,5.037351723344579,5.730727672576904,5901540000
2018-02-16,NVDA,5.811719975476617,6.173223822708572,5.55664259075197,6.021115779876709,3800240000
2018-02-23,NVDA,6.043587059178459,6.221870126610777,5.917624200039191,6.076498031616211,2528196000
2018-03-02,NVDA,6.122702374286254,6.150127973546111,5.481524503696904,5.844488620758057,3401412000
2018-03-09,NVDA,5.794328943702791,6.074522423621407,5.6710347004087245,6.06167459487915,2756228000
2018-03-16,NVDA,6.102937080439439,6.288246825296772,6.079214963742045,6.188919544219971,2531736000
2018-03-23,NVDA,6.132093400894383,6.226477242198689,5.745161692403051,5.756280422210693,2993972000
2018-03-30,NVDA,5.880561289586409,6.177061485521125,5.361688892153834,5.722182273864746,3882956000
2018-04-06,NVDA,5.651763333448893,5.797788943645551,5.2645850157665715,5.293740749359131,3742920000
2018-04-13,NVDA,5.35674835816118,5.868454318867843,5.302389909766068,5.7199578285217285,2818400000
2018-04-20,NVDA,5.726630059112489,5.9114489056879815,5.6038282326469,5.6510233879089355,2047576000
2018-04-27,NVDA,5.6688113837247585,5.719957147374276,5.196144285664577,5.5922160148620605,2207268000
2018-05-04,NVDA,5.608524912038657,5.909965732782992,5.490170775009389,5.9067535400390625,1693684000
2018-05-11,NVDA,6.011268575294066,6.43649655258147,6.001385051852191,6.2889885902404785,3999528000
2018-05-18,NVDA,6.327039992585079,6.3868340850540735,5.967041546702281,6.076744556427002,3043996000
2018-05-25,NVDA,6.174096164127108,6.17939726015594,5.936154874773719,6.163079738616943,2331328000
2018-06-01,NVDA,6.14503201996083,6.375454920453975,6.099293630790483,6.369273662567139,1659516000
2018-06-08,NVDA,6.403392278366956,6.591045233446808,6.371251906378245,6.484485149383545,2134996000
2018-06-15,NVDA,6.471876724140297,6.655572522514355,6.419709239896668,6.558162212371826,1785016000
2018-06-22,NVDA,6.514153248893579,6.57151190474623,6.189039933407088,6.2043681144714355,2114656000
2018-06-29,NVDA,6.098058255229692,6.101766633436622,5.810275503778183,5.857004165649414,2328904000
2018-07-06,NVDA,5.787529237669018,6.123275691441566,5.767008669583508,6.114869594573975,1182872000
2018-07-13,NVDA,6.189040564563735,6.283236970522963,6.083718195534143,6.164068698883057,1623900000
2018-07-20,NVDA,6.136377334594727,6.287191537048126,6.061712860753229,6.202885150909424,1294916000
2018-07-27,NVDA,6.176431310870159,6.344055379676381,6.014739146335825,6.23082160949707,1595860000
2018-08-03,NVDA,6.244915885311409,6.256534276607299,5.96356154089931,6.232799530029297,1391840000
2018-08-10,NVDA,6.220191827825918,6.434050437367317,6.173711668170743,6.299306392669678,1188416000
2018-08-17,NVDA,6.307959184277792,6.5181093397136065,6.025863651344549,6.052812576293945,3377012000
2018-08-24,NVDA,6.012265666288376,6.7448243663700636,5.90199850904991,6.7302374839782715,3530428000
2018-08-31,NVDA,6.759906258562809,6.968920613673174,6.663732080296084,6.9431939125061035,2054468000
2018-09-07,NVDA,6.930083591166378,7.055500412361464,6.6094914867958945,6.725013732910156,1403092000
2018-09-14,NVDA,6.747523714343405,6.90411025548557,6.479127459547784,6.838062286376953,1574816000
2018-09-21,NVDA,6.812581223689139,6.882835138502996,6.483828985244782,6.516976356506348,1595620000
2018-09-28,NVDA,6.486053508190043,6.973868701782201,6.398979280763885,6.951605319976807,1766672000
2018-10-05,NVDA,7.029279494349549,7.2420157443280875,6.618148512444637,6.675538539886475,2144432000
2018-10-12,NVDA,6.592421738214711,6.707696258236478,5.794902206362909,6.098671913146973,2700724000
2018-10-19,NVDA,6.085312594288361,6.1812930397813375,5.632624932339949,5.668988227844238,2325768000
2018-10-26,NVDA,5.721184687713873,5.821122198384283,4.777218817229926,4.905109405517578,3496072000
2018-11-02,NVDA,5.0461110963584925,5.491624699134181,4.353968323409663,5.316486358642578,3330468000
2018-11-09,NVDA,5.3033763051890865,5.3780812001815415,4.973136051283547,5.087668418884277,2086748000
2018-11-16,NVDA,4.996388890300503,5.117600665630977,3.9977532066267076,4.067512035369873,4592636000
2018-11-23,NVDA,4.002207133571936,4.002948837344284,3.297695827476737,3.586871862411499,4827316000
2018-11-30,NVDA,3.7078364244259916,4.057467553965689,3.625462004393743,4.046820163726807,3636152000
2018-12-07,NVDA,4.273886762475256,4.325391352126382,3.605812600742179,3.655088424682617,3076900000
2018-12-14,NVDA,3.610270140791863,3.860116975709195,3.5860040774109314,3.6263654232025146,2898724000
2018-12-21,NVDA,3.5964037205874115,3.7224414627810014,3.1809000985336753,3.208385705947876,3585932000
2018-12-28,NVDA,3.1321204787016095,3.4020238963182474,3.0818536480594196,3.3094146251678467,2424712000
2019-01-04,NVDA,3.352747616905251,3.429013016014544,3.1618336982213986,3.372309923171997,2265064000
2019-01-11,NVDA,3.4295090569356015,3.7080790587125985,3.3782519546193495,3.685298204421997,3510356000
2019-01-18,NVDA,3.633051529019275,3.91186951761545,3.6095277512792596,3.8858695030212402,2962056000
2019-01-25,NVDA,3.8556598047693034,3.9836773043289115,3.6536035256723487,3.9656012058258057,3116116000
2019-02-01,NVDA,3.3812233631027357,3.6347851558138564,3.2437955483461773,3.583775758743286,6107588000
2019-02-08,NVDA,3.5996223824688434,3.852935876807486,3.5689178345378014,3.6689555644989014,2872204000
2019-02-15,NVDA,3.6248795868615664,4.057715889737594,3.5780797566191254,3.896021604537964,4035624000
2019-02-22,NVDA,3.885373888543268,3.9930874019007936,3.8425358444025264,3.941831111907959,1943168000
2019-03-01,NVDA,4.025277974848738,4.092629906107369,3.791278114929422,3.8779759407043457,2326872000
2019-03-08,NVDA,3.916397268617428,3.9392016087593875,3.589203500745577,3.733961582183838,2048960000
2019-03-15,NVDA,3.7575106247241035,4.251768511099473,3.7104145757274414,4.209134578704834,3389072000
2019-03-22,NVDA,4.2406129507633255,4.585653881326078,4.1607976876526935,4.399749755859375,3633068000
2019-03-29,NVDA,4.359098568846415,4.5050942228643125,4.241358694459646,4.450810432434082,2640252000
2019-04-05,NVDA,4.542524769376166,4.750490082301822,4.470889517113949,4.733138561248779,2647368000
2019-04-12,NVDA,4.7026502006155395,4.795603844960344,4.649109953215193,4.709837436676025,2155244000
2019-04-19,NVDA,4.702154587291515,4.720992129672078,4.538558307773687,4.6178765296936035,1567048000
2019-04-26,NVDA,4.594328233426684,4.779242762354824,4.295641659746213,4.41437292098999,2313280000
2019-05-03,NVDA,4.422305273533989,4.582432123842187,4.350174087910344,4.536327362060547,1840628000
2019-05-10,NVDA,4.3501745225848865,4.470145440261222,4.065119682464196,4.184594631195068,2626312000
2019-05-17,NVDA,4.052727275032055,4.0757795868030895,3.8405478783297,3.8799595832824707,3487268000
2019-05-24,NVDA,3.7813049192360104,3.8593850325820225,3.591186489834491,3.59787917137146,2209208000
2019-05-31,NVDA,3.615478786983493,3.648198043466952,3.3597853510032443,3.3615224361419678,1772176000
2019-06-07,NVDA,3.3726901373838083,3.64491694860971,3.2905506069540187,3.6106715202331543,2389092000
2019-06-14,NVDA,3.666755000117653,3.7809066430594696,3.5446627248805522,3.5893306732177734,1848052000
2019-06-21,NVDA,3.5875925454851405,3.9042401265985758,3.5647621832656573,3.766016721725464,1974200000
2019-06-28,NVDA,3.7873585064817115,4.103757460552952,3.7402087138632987,4.075467586517334,2021996000
2019-07-05,NVDA,4.2824312563687,4.316676930903953,3.91292574796479,3.976205825805664,1753172000
2019-07-12,NVDA,3.91664803088725,4.230317623047764,3.8464204006280878,4.159344673156738,2313676000
2019-07-19,NVDA,4.180438921524079,4.285903767102195,4.0906048776539645,4.179941654205322,1766576000
2019-07-26,NVDA,4.201283504432008,4.4392638473480694,4.193838649874808,4.34446907043457,1777212000
2019-08-02,NVDA,4.337272866461397,4.366058120377159,3.952631028904131,4.000028610229492,1654908000
2019-08-09,NVDA,3.8166406365700594,3.9285600974046897,3.6950442110535437,3.826070785522461,1974104000
2019-08-16,NVDA,3.773958151399416,4.00871389430151,3.657573047446917,3.9595792293548584,2536196000
2019-08-23,NVDA,4.072738797076498,4.304266701141818,4.011194401712848,4.0310468673706055,2577088000
2019-08-30,NVDA,4.109712660140971,4.244191705549204,3.949587864929308,4.160976886749268,1513380000
2019-09-06,NVDA,4.088196075544937,4.498306344795361,4.055158786595906,4.43769645690918,1596520000
2019-09-13,NVDA,4.468748615398157,4.679887606082754,4.441175646452039,4.519420623779297,1784280000
2019-09-20,NVDA,4.444404304309437,4.510975888289779,4.279464922170481,4.28964900970459,1308752000
2019-09-27,NVDA,4.289898995536494,4.4468880685788506,4.205938261262975,4.2665486335754395,1472032000
2019-10-04,NVDA,4.292382559403392,4.549479248546061,4.226058665558821,4.520167827606201,1561676000
2019-10-11,NVDA,4.585000615111782,4.703238559929826,4.3842924427875944,4.62002420425415,1973360000
2019-10-18,NVDA,4.611330653387778,4.950399059227821,4.580280429445844,4.73180627822876,1863984000
2019-10-25,NVDA,4.793159630661487,5.10167381318048,4.745219604513323,5.080808162689209,1525616000
2019-11-01,NVDA,5.124527570807019,5.189112078588046,4.913636149848689,5.032371997833252,1241360000
2019-11-08,NVDA,5.1133497137797965,5.2586645050238925,5.070128351893522,5.161291122436523,1416036000
2019-11-15,NVDA,5.1605473163633455,5.262640412360373,4.983931972589848,5.072114944458008,2398836000
2019-11-22,NVDA,5.064663926606224,5.329460857686397,5.061683321264874,5.23854398727417,1974228000
2019-11-29,NVDA,5.366472163475753,5.499864084447164,5.353555259338752,5.387831687927246,1249060000
2019-12-06,NVDA,5.38087103973987,5.3942948425342525,4.980898951860107,5.274228096008301,1527812000
2019-12-13,NVDA,5.251358509506359,5.692099197676195,5.242658071800371,5.568055152893066,1561116000
2019-12-20,NVDA,5.6155354687860095,5.9757358217799785,5.587445146174056,5.950380325317383,2034124000
2019-12-27,NVDA,5.978965528717086,6.01103291680676,5.861883424733075,5.888233661651611,931420000
2020-01-03,NVDA,5.86635874393249,5.963802337646484,5.7206860608928425,5.86834716796875,931980000
2020-01-10,NVDA,5.775129070791015,6.178581626426708,5.749027749353839,6.073430061340332,1426008000
2020-01-17,NVDA,6.156457378912361,6.288952968255434,6.0786488611606115,6.196727752685547,1480016000
2020-01-24,NVDA,6.160187042343165,6.450781528296051,6.129362355167134,6.226557731628418,1075184000
2020-01-31,NVDA,5.922288718346262,6.196477998740835,5.772889179452869,5.877295970916748,1701284000
2020-02-07,NVDA,5.859149875876774,6.3202738761901855,5.8529353441116,6.254151344299316,1143364000
2020-02-14,NVDA,6.276771965769414,7.332512804476498,6.2718001514092725,7.2037458419799805,3112748000
2020-02-21,NVDA,7.10058231335741,7.863242571008195,7.081192901778724,7.310140132904053,2892728000
2020-02-28,NVDA,6.716517900503646,7.0068654729747095,6.014132953557164,6.7175517082214355,4699812000
2020-03-06,NVDA,6.8874379106165495,7.086175484127031,6.417330292148614,6.617312431335449,3196684000
2020-03-13,NVDA,5.967122164255437,6.4939398765563965,5.367673605207644,5.990501880645752,3146148000
2020-03-20,NVDA,5.283353073561972,5.728835787493225,4.494120840313374,5.117697238922119,4005020000
2020-03-27,NVDA,5.1167009402216665,6.544682958276273,4.937861436737908,6.286248683929443,3873888000
2020-04-03,NVDA,6.351665287996272,6.850126943033816,5.929563928559885,6.066864967346191,3548100000
2020-04-10,NVDA,6.348679425541923,6.921017245068587,6.291221713068466,6.540452003479004,2580412000
2020-04-17,NVDA,6.4807566311857645,7.4371386115629985,6.392456281522787,7.270984649658203,2580244000
2020-04-24,NVDA,7.144626875048733,7.3003340312313565,6.643927724837678,7.203079700469971,2444392000
2020-05-01,NVDA,7.33739567875183,7.566480789850535,6.985438429326991,7.033692836761475,2019464000
2020-05-08,NVDA,6.98643230513877,7.779146962839616,6.98643230513877,7.772928714752197,1722864000
2020-05-15,NVDA,7.7679541359634445,8.457443446163204,7.556281469377941,8.44774341583252,3177944000
2020-05-22,NVDA,8.716127930897029,9.046943165034369,8.63653320763608,8.980530738830566,3879148000
2020-05-29,NVDA,9.11037208467669,9.135246032523414,7.9562435883697225,8.830545425415039,3426824000
2020-06-05,NVDA,8.788509941773912,8.955513667793715,8.614145567728748,8.87886905670166,2052664000
2020-06-12,NVDA,8.836315791447598,9.456195581866325,8.645699106542606,8.891312599182129,2642964000
2020-06-19,NVDA,8.774602299815214,9.401445876405885,8.703431219632431,9.21854305267334,2122592000
2020-06-26,NVDA,9.25711573123115,9.598036018461734,9.082924887962797,9.112786293029785,2191104000
2020-07-03,NVDA,9.12746835403248,9.692599684605682,8.858961583091999,9.567927360534668,1400844000
2020-07-10,NVDA,9.696828302232177,10.606115335715279,9.667713036457133,10.430927276611328,2031396000
2020-07-17,NVDA,10.546146184871182,10.74248607038914,9.740378299322161,10.154461860656738,2014984000
2020-07-24,NVDA,10.226875749369688,10.553612018427057,9.731917986447955,10.147492408752441,1814132000
2020-07-31,NVDA,10.185069107587438,10.716854345267036,10.162176337630433,10.565803527832031,1543236000
2020-08-07,NVDA,10.683012873856836,11.451701263494748,10.665842352281864,11.147858619689941,1559812000
2020-08-14,NVDA,11.281988797793014,11.667699042003894,10.745971010645114,11.510679244995117,1987616000
2020-08-21,NVDA,11.796604678443401,12.74969046968227,11.762762003676976,12.625018119812012,3668628000
2020-08-28,NVDA,12.824342222900356,13.087371627677937,12.449826868277539,13.087122917175293,1955648000
2020-09-04,NVDA,13.121962673479885,14.66323112605834,11.654263373150707,12.568055152893066,4294980000
2020-09-11,NVDA,11.683885878412541,13.008897940882886,11.653766757408798,12.112030982971191,2867540000
2020-09-18,NVDA,13.024578926203295,13.257568885233198,11.937037334214766,12.136672019958496,3976656000
2020-09-25,NVDA,11.873566181378445,12.827933219542732,11.853154418113043,12.818224906921387,3333764000
2020-10-02,NVDA,12.984005218588951,13.703388704944128,12.695007286262086,13.005908966064453,2961952000
2020-10-09,NVDA,13.178910712130937,14.081002250444271,13.165717512425775,13.703390121459961,2408116000
2020-10-16,NVDA,13.929159770375568,14.286609243411322,13.70836707735876,13.751927375793457,1565064000
2020-10-23,NVDA,13.843034950198934,13.923187396795523,13.174676497160581,13.531630516052246,1270840000
2020-10-30,NVDA,13.36908784573915,13.633691566965796,12.246947595239426,12.479938507080078,1700836000
2020-11-06,NVDA,12.60315681993016,14.525824562918741,12.341540396326954,14.499190330505371,1685156000
2020-11-13,NVDA,14.489727894197305,14.628128260085498,12.573779229034589,13.23964786529541,2343912000
2020-11-20,NVDA,13.11568372017377,13.590626548003572,13.008644962843594,13.03129768371582,2143752000
2020-11-27,NVDA,13.114439643775567,13.34966996860032,12.829422986955962,13.204050064086914,1135048000
2020-12-04,NVDA,13.20778593658098,13.614521552293276,12.916298264592438,13.50375747680664,1269024000
2020-12-11,NVDA,13.546584299478042,13.676061924602873,12.771464120306371,12.960949897766113,1313492000
2020-12-18,NVDA,13.035399712025068,13.40988618458932,13.017969301504321,13.218659400939941,1259736000
2020-12-25,NVDA,13.022203579340832,13.316266932574571,12.88674905910573,12.941527366638184,764940000
2021-01-01,NVDA,13.010001354735067,13.160644950214424,12.711954400513704,13.002530097961426,800756000
2021-01-08,NVDA,13.051584224791647,13.597631016115521,12.535415751922324,13.223390579223633,2217832000
2021-01-15,NVDA,13.364819001093393,13.904890294581081,12.796858175940383,12.80781364440918,1580748000
2021-01-22,NVDA,12.963937693664844,13.942987225711319,12.79238016702357,13.657387733459473,1069360000
2021-01-29,NVDA,13.726359807474722,13.7729219839982,12.742331097480742,12.937543869018555,1286232000
2021-02-05,NVDA,13.000789980691422,13.87575623581958,12.850894535990365,13.536377906799316,1053544000
2021-02-12,NVDA,13.672081342223557,15.22979577043939,13.672081342223557,14.901122093200684,2033120000
2021-02-19,NVDA,15.003708788074556,15.31072039811437,14.516422672580028,14.866511344909668,1102308000
2021-02-26,NVDA,14.71536943669712,15.07242908936118,13.163135090164083,13.659379959106445,2491352000
2021-03-05,NVDA,13.81923759520638,13.869036839571837,11.632310492022057,12.411417007446289,2111076000
2021-03-12,NVDA,12.399961813597908,12.998299311661766,11.520012603958925,12.808749198913574,1993192000
2021-03-19,NVDA,12.81746981607065,13.462837548611631,12.566145800065824,12.798538208007812,1331084000
2021-03-26,NVDA,12.865291623650993,13.345270569661254,12.226895852352571,12.792062759399414,1424804000
2021-04-02,NVDA,12.773130700711981,13.819023625386853,12.653322911949298,13.760988235473633,1096776000
2021-04-09,NVDA,13.816533522907958,14.418314549550134,13.661106906366319,14.347075462341309,1138288000
2021-04-16,NVDA,14.237230908904042,16.154654730181758,14.087283745856782,15.854021072387695,2864724000
2021-04-23,NVDA,15.479398285932946,15.749402181564943,14.729167212637465,15.209146499633789,1460616000
2021-04-30,NVDA,15.129191549679522,15.612906665769394,14.941881343927635,14.95433521270752,946892000
2021-05-07,NVDA,15.069412383191088,15.190714804224188,13.958759426276734,14.7578125,1323968000
2021-05-14,NVDA,14.732902772330645,14.751584051485553,13.409533367126928,14.190653800964355,1401916000
2021-05-21,NVDA,14.104968793564424,15.166056327513427,13.493474603613123,14.936652183532715,1741820000
2021-05-28,NVDA,15.156588205382036,16.21767503645545,15.120222378827417,16.184795379638672,2586676000
2021-06-04,NVDA,16.210202026757546,17.596087541905547,15.844799257771454,17.513643264770508,2264100000
2021-06-11,NVDA,17.5066700158796,17.877414660065863,17.116796462616325,17.76380729675293,1985340000
2021-06-18,NVDA,17.84427788430058,19.30821305776164,17.523885687576584,18.574501037597656,2650044000
2021-06-25,NVDA,18.37170513870822,19.353064306572136,17.761317116263903,18.96539878845215,2184172000
2021-07-02,NVDA,19.294512263445398,20.43457225231236,19.25240821728546,20.416383743286133,2012536000
2021-07-09,NVDA,20.666016614407923,20.8030443612869,19.63284500333484,19.981138229370117,1665060000
2021-07-16,NVDA,20.17023741661217,20.46197778555114,18.010696504769957,18.098392486572266,2231580000
2021-07-23,NVDA,17.853497190988364,19.818449966161833,17.803917401134495,19.490583419799805,2074262000
2021-07-30,NVDA,19.24443870206173,19.784574233242104,18.676397315586588,19.43178939819336,1029275000
2021-08-06,NVDA,19.632096019964017,20.661534325497566,19.153748123448008,20.295801162719727,1140496000
2021-08-13,NVDA,20.37552091210464,20.43730746916473,19.363027803581907,20.1184139251709,846321000
2021-08-20,NVDA,20.065596914124974,20.79308023295475,18.697327164065186,20.74424934387207,2143670000
2021-08-27,NVDA,20.89871172530121,22.64367211868552,20.877784205447764,22.557968139648438,1763469000
2021-09-03,NVDA,22.75130918162133,22.963574356571417,22.047640789736928,22.768274307250977,1192563000
2021-09-10,NVDA,22.758307882725695,22.82409196545465,21.90510910488169,22.40446662902832,897773000
2021-09-17,NVDA,22.609797693327096,22.888882461215875,21.758586993159383,21.828357696533203,1114329000
2021-09-24,NVDA,21.076824957284188,22.46128483770894,20.594409012672557,22.008764266967773,1289064000
2021-10-01,NVDA,21.638979428215535,21.72768898320493,20.136908439010178,20.67414665222168,1268665000
2021-10-08,NVDA,20.436931753376157,21.25224946522736,19.491036496532875,20.762855529785156,1330296000
2021-10-15,NVDA,20.507695778664687,21.859261828651796,20.443904055764555,21.79048728942871,976757000
2021-10-22,NVDA,21.67785122654991,23.054336786211532,21.573193276980525,22.65165901184082,934217000
2021-10-29,NVDA,22.897850050486433,25.624899789420567,22.69551498837549,25.48336410522461,1488830000
2021-11-05,NVDA,25.565100225521736,31.29727829518898,25.14447973934552,29.65467071533203,2804653000
2021-11-12,NVDA,30.050379427191398,32.20430952982085,28.683862559196594,30.29058837890625,2531279000
2021-11-19,NVDA,30.45205524331211,32.97976560905506,28.70578699749506,32.87710189819336,2393479000
2021-11-26,NVDA,33.40735181606633,34.53365623352294,30.778984519657556,31.399946212768555,2004729000
2021-12-03,NVDA,32.26012831114146,33.30270435529742,30.035117209227543,30.596345901489258,2578613000
2021-12-10,NVDA,29.785904339285608,32.346812573827144,27.949705907051353,30.1028995513916,2704874000
2021-12-17,NVDA,30.1537389247884,31.061871670056004,27.16418406880267,27.713449478149414,3384800000
2021-12-24,NVDA,27.219008583039486,29.964338677580162,27.059512623643005,29.54665756225586,1724438000
2021-12-31,NVDA,29.566594412321887,31.231334077242877,29.23863045980728,29.318378448486328,1742810000
2022-01-07,NVDA,29.721106030264906,30.61428422261977,26.971791660779605,27.16119384765625,2280890000
2022-01-14,NVDA,26.497290128969677,28.50494756627951,25.5632406683439,26.857154846191406,2318186000
2022-01-21,NVDA,26.177304414004546,26.554114306336086,23.189735951595004,23.300386428833008,2066724000
2022-01-28,NVDA,22.25967504955575,23.98123803745793,20.82221696787781,22.768070220947266,3451684000
2022-02-04,NVDA,23.10899542114048,25.735696069563566,22.97940564831107,24.242412567138672,2392031000
2022-02-11,NVDA,24.295243866146766,26.84021038947603,23.698134593993387,23.873579025268555,2430181000
2022-02-18,NVDA,23.858630725496297,26.498288671486034,23.02725016540724,23.567543029785156,3444819000
2022-02-25,NVDA,22.96246167360123,24.140733592878306,20.82421097780637,24.080923080444336,2464600000
2022-03-04,NVDA,23.91644642718018,24.587327391046674,22.4150202714538,22.86766815185547,2075527000
2022-03-11,NVDA,22.749018838877227,23.150820212926504,20.588471783228282,22.034156799316406,2296305000
2022-03-18,NVDA,21.80384458359265,26.489842995481,21.095960818464654,26.374187469482422,2751432000
2022-03-25,NVDA,26.42802919116261,28.27350932502247,25.49880439684632,27.609493255615234,3097249000
2022-04-01,NVDA,27.67330780734801,28.85975839254765,26.188745633064283,26.63241958618164,2418640000
2022-04-08,NVDA,26.648369216228314,27.475896299662303,22.99329001527572,23.050119400024414,2620341000
2022-04-15,NVDA,22.147817756385205,22.70913730080681,21.09994582726885,21.19466209411621,2323505000
2022-04-22,NVDA,21.13683828693259,22.602459598625735,19.44190107394043,19.45685577392578,2788378000
2022-04-29,NVDA,19.14479141968029,20.068030059623467,18.235512240679018,18.491741180419922,2864931000
2022-05-06,NVDA,18.48576617341959,20.33921986356432,17.93639951654731,18.61935806274414,2956283000
2022-05-13,NVDA,17.98026782674294,18.200608121706267,15.520617091857218,17.653249740600586,3455261000
2022-05-20,NVDA,17.456831495925755,18.316266948710442,15.708059831340721,16.644262313842773,3012852000
2022-05-27,NVDA,16.225514794885957,18.82474834379244,15.732987737093548,18.75495719909668,3744525000
2022-06-03,NVDA,18.923452187686582,19.56054844841514,18.068010839185806,18.66422462463379,2456049000
2022-06-10,NVDA,19.081979003796526,19.279389055591135,16.822296926639886,16.9270076751709,2035394000
2022-06-17,NVDA,15.955702996068341,16.82129863210318,15.285562074810612,15.836033821105957,2813852000
2022-06-24,NVDA,16.42939011174875,17.092547758876677,15.80911149125112,17.07858657836914,1856057000
2022-07-01,NVDA,17.26407044859053,17.282020263994987,14.352155016267275,14.482791900634766,2635149000
2022-07-08,NVDA,14.135756912052631,15.992599747893234,14.016089244404482,15.794150352478027,2141338000
2022-07-15,NVDA,15.483016286395417,15.738305988579,14.424951823504246,15.718361854553223,2259892000
2022-07-22,NVDA,16.2568630566496,18.093764403863,15.957694457686417,17.271053314208984,3227141000
2022-07-29,NVDA,16.971876640001085,18.193489890290078,16.43238035984879,18.112714767456055,2358495000
2022-08-05,NVDA,18.131662250640616,19.22063704890321,17.94019436661478,18.93642807006836,2179862000
2022-08-12,NVDA,17.453543487866224,18.6661757172825,16.677700873007122,18.65719985961914,3234965000
2022-08-19,NVDA,18.649226086629287,19.110943606719005,17.720801686073024,17.799583435058594,2212740000
2022-08-26,NVDA,17.441578126782925,17.897309578124734,16.19204404414736,16.214981079101562,2842058000
2022-09-02,NVDA,15.97564911347893,16.292767620206746,13.233262343519234,13.609217643737793,3522045000
2022-09-09,NVDA,13.692984371926862,14.438216654464224,13.313005420498245,14.351431846618652,2159893000
2022-09-16,NVDA,14.333475654409431,14.511035078989412,12.58580882588614,13.165372848510742,2981998000
2022-09-23,NVDA,12.97983183509863,13.996310026206283,12.226699237698918,12.485058784484863,3324653000
2022-09-30,NVDA,12.460119453590893,12.791298357950701,11.916466059827378,12.108989715576172,2742012000
2022-10-07,NVDA,12.316474670852143,13.622237554535424,11.992278089651654,12.046144485473633,2955426000
2022-10-14,NVDA,12.007240867482555,12.094025672565365,10.786267640804748,11.19924545288086,3422306000
2022-10-21,NVDA,11.489524053285416,12.73743191217373,11.488527073512962,12.435178756713867,3025159000
2022-10-28,NVDA,12.477077391333092,13.815761110569417,12.034174829585528,13.799799919128418,2660045000
2022-11-04,NVDA,13.74393706149706,14.193821673388257,12.923972453329277,14.121002197265625,2704427000
2022-11-11,NVDA,14.19282459299917,16.348481436653724,13.724986140949703,16.28663444519043,2816073000
2022-11-18,NVDA,16.177903764636575,16.955975861509707,15.082620775152405,15.370906829833984,2926241000
2022-11-25,NVDA,15.1095521073422,16.486142404800624,15.0427173645285,16.229778289794922,1472780000
2022-12-02,NVDA,15.98637975502715,17.22672059418411,15.481629846314512,16.83858871459961,2009789000
2022-12-09,NVDA,16.642018866993716,17.54401482926612,15.632264273659429,16.96330451965332,2058131000
2022-12-16,NVDA,16.999231007459425,18.748341354532826,16.373619336340138,16.53426170349121,2567579000
2022-12-23,NVDA,16.535258005172167,16.59013659325073,14.849007005999164,15.172287940979004,1996695000
2022-12-30,NVDA,15.040582308063698,15.06652469064024,13.853219366158653,14.581600189208984,1481381000
2023-01-06,NVDA,14.81807613433421,14.976724612906638,14.002888471300379,14.826059341430664,1626813000
2023-01-13,NVDA,15.25011511747284,16.88448766180026,15.107431553171974,16.86153793334961,2240313000
2023-01-20,NVDA,16.861534824609727,17.833371016829354,16.693902062682255,17.799449920654297,1968625000
2023-01-27,NVDA,18.023954731552497,20.582266410433473,17.778501680528674,20.319849014282227,2632581000
2023-02-03,NVDA,19.90576740996117,21.90033534849852,18.907986325068734,21.053218841552734,2640747000
2023-02-10,NVDA,20.759872338931974,22.96896380674192,20.739916222678673,21.217853546142578,2750611000
2023-02-17,NVDA,21.490248862723064,22.99789874171555,20.915525681631326,21.340579986572266,2448882000
2023-02-24,NVDA,20.953441579866375,23.83503456630602,20.37572493019937,23.23436737060547,2630910000
2023-03-03,NVDA,23.61751850763343,23.8470122834048,22.38226919901642,23.837034225463867,2170791000
2023-03-10,NVDA,23.838034225602097,24.403925077094488,22.679467330163575,22.917978286743164,2442279000
2023-03-17,NVDA,22.70541520633813,26.34494677671912,22.251346912588748,25.672327041625977,2853086000
2023-03-24,NVDA,25.562547632598424,27.532511945846586,25.078540163743003,26.724166870117188,2797259000
2023-03-31,NVDA,26.782050151047695,27.777007695296096,25.79706988863312,27.720125198364258,1909273000
2023-04-07,NVDA,27.45267583533266,27.942669731519793,26.3409552107088,26.98164176940918,1679977000
2023-04-14,NVDA,26.768080783046805,27.7330996597478,26.166310441978037,26.703208923339844,1905191000
2023-04-21,NVDA,26.510607005107396,28.05244337278638,26.378877313961777,27.063472747802734,2057759000
2023-04-28,NVDA,26.957689535565127,27.701162985929276,26.17130312906319,27.692182540893555,1793523000
2023-05-05,NVDA,27.782992788233905,28.998499127200773,27.184222567509938,28.621274948120117,2039790000
2023-05-12,NVDA,28.463594976478973,29.160165639021326,27.988570462268328,28.28196907043457,1625569000
2023-05-19,NVDA,28.44962451405931,31.762830690352914,28.094354488734744,31.199987411499023,2398499000
2023-05-26,NVDA,30.837727010931786,39.39916178020132,29.74496810397816,38.86625671386719,3707980000
2023-06-02,NVDA,40.51188361880298,41.852132355940626,37.7445581109248,39.24647521972656,3044585000
2023-06-09,NVDA,38.82932905392205,39.6337866781629,37.283369639735355,38.694618225097656,2142310000
2023-06-16,NVDA,39.123778310934604,43.635996039851086,38.5429092499931,42.6089973449707,2966705000
2023-06-23,NVDA,42.9144051358894,43.90447708552211,41.9333109957247,42.12693405151367,1778633000
2023-06-30,NVDA,42.378435975213705,42.68084821314237,40.02202672023089,42.21975326538086,2520798000
2023-07-07,NVDA,42.434326127886784,43.12997664792233,41.265616640980895,42.42035675048828,1181290000
2023-07-14,NVDA,42.57406186731793,47.99450350820883,41.56801853142634,45.38059616088867,2383708000
2023-07-21,NVDA,46.1990038397671,47.80287207706954,44.01424991772626,44.222843170166016,3008788000
2023-07-28,NVDA,44.644025212328465,47.302852779891246,43.95437069346409,46.65910339355469,1882004000
2023-08-04,NVDA,46.66309454574556,47.03836291442901,43.302641133046315,44.59313201904297,1705897000
2023-08-11,NVDA,45.02329239286848,45.45145915668349,40.55998266636193,40.77556228637695,2288236000
2023-08-18,NVDA,40.407280716905284,45.17998551740348,40.2326217412967,43.21481704711914,2930412000
2023-08-25,NVDA,44.407491420923556,50.16826400478164,44.13602090022551,45.928531646728516,4308297000
2023-09-01,NVDA,46.3916241394205,49.82992198159772,44.800725372190506,48.4146842956543,3114195000
2023-09-08,NVDA,48.1292368066892,48.75601791251672,45.067922908266546,45.48714065551758,1757722000
2023-09-15,NVDA,46.062063171640766,46.07703462980452,43.7264210191702,43.81825256347656,2098505000
2023-09-22,NVDA,42.66839815481211,44.15961559349167,40.903690569058845,41.53252410888672,2170415000
2023-09-29,NVDA,41.513546153219,44.06179864340564,41.10031566868554,43.417999267578125,2088801000
2023-10-06,NVDA,43.948009813372195,45.70373848025028,43.16547120468859,45.676788330078125,2093888000
2023-10-13,NVDA,44.75849682767498,47.52034710135052,44.28538045832398,45.376346588134766,2111834000
2023-10-20,NVDA,44.97908693457242,46.13892190023753,41.00150619051564,41.309932708740234,2793225000
2023-10-27,NVDA,41.15223395492377,43.615628825296106,39.80574303401105,40.42458724975586,2236157000
2023-11-03,NVDA,41.01049469201982,45.22462694220357,39.1569503913023,44.92119598388672,2177372000
2023-11-10,NVDA,45.2006701825068,48.38174487246118,44.815387407221024,48.244998931884766,2052358000
2023-11-17,NVDA,48.23002031531456,49.86696898933371,48.009431181663935,49.20620346069336,1941548000
2023-11-24,NVDA,49.22017477900762,50.45387324372552,47.6011956303171,47.68703842163086,2173932000
2023-12-01,NVDA,47.7109937696309,48.67120510025969,46.1010022026633,46.67792510986328,2074722000
2023-12-08,NVDA,45.99120422189831,47.65629461849747,44.926189637223715,47.42171096801758,1899898000
2023-12-15,NVDA,47.40674269328456,49.316344970250725,45.748690336704186,48.80325698852539,2201087000
2023-12-22,NVDA,49.31235079913167,50.34351507731144,48.012657344636494,48.74336242675781,1827857000
2023-12-29,NVDA,48.88111364335506,49.90829110638661,48.664499712290464,49.43413162231445,1113728000
2024-01-05,NVDA,49.1566219566508,49.459086175725254,47.23603372218609,49.009883880615234,1453724000
2024-01-12,NVDA,49.424155596522276,55.24779611496442,49.39121320158821,54.61292266845703,2899159000
2024-01-19,NVDA,54.920385030235444,59.394431360297894,54.64288204305218,59.38544845581055,1959125000
2024-01-26,NVDA,59.94245635666948,62.73748925623283,58.48104894335419,60.92271423339844,2180966000
2024-02-02,NVDA,61.12335395532468,66.48183961937383,60.59229912426738,66.0426254272461,2058987000
2024-02-09,NVDA,68.10393877262449,72.05692221360141,66.18235963384292,72.00502014160156,2709823000
2024-02-16,NVDA,72.47118484090161,74.4786183227707,69.4964845401849,72.4841537475586,2636656000
2024-02-23,NVDA,71.81934960299229,82.24780364536768,66.1304674517911,78.67715454101562,3073076000
2024-03-01,NVDA,79.5585907729136,82.15397732028299,76.98814490868608,82.13301086425781,2275212000
2024-03-08,NVDA,83.98072393894745,97.23173191783087,83.27290109267872,87.37678527832031,3469163000
2024-03-15,NVDA,86.27968352904108,91.80112730309294,84.02059266805003,87.68526458740234,3226556000
2024-03-22,NVDA,90.2318598178106,94.61426754269417,84.86314816147532,94.12611389160156,2887301000
2024-03-29,NVDA,93.77871131394467,96.59882785449742,88.96904884364167,90.19991302490234,2087063000
2024-04-05,NVDA,90.14301673764523,92.06568455405531,85.73163346290652,87.85597229003906,2090215000
2024-04-12,NVDA,88.54676191015398,90.58224601063488,82.87857850073121,88.03366088867188,2075291000
2024-04-19,NVDA,88.94408228829708,90.45646450816476,75.47539894537725,76.06836700439453,2631388000
2024-04-26,NVDA,77.96907171420484,88.17841379736606,76.26802061217705,87.58344268798828,2522760000
2024-05-03,NVDA,87.44368500312586,89.12676696706856,81.11461218464028,88.6356201171875,2088782000
2024-05-10,NVDA,89.23558536447402,92.06069859527176,88.07858152551931,89.72274017333984,1852604000
2024-05-17,NVDA,90.32169428450598,95.65348387790415,88.37606371894472,92.3192367553711,1687565000
2024-05-24,NVDA,93.58805245494568,106.29105867121642,93.01903897023965,106.28507232666016,2460917000
2024-05-31,NVDA,110.05354384473526,115.61891628592592,106.75526253688238,109.44361114501953,2307986000
2024-06-07,NVDA,113.42472260342709,125.3700480295792,111.80951385006522,120.67916870117188,2447200000
2024-06-14,NVDA,120.16205248180556,132.62140615970972,116.80785658193525,131.66299438476562,1405605200
2024-06-21,NVDA,132.77118307637525,140.52837801062054,124.09547854511997,126.36174011230469,1750053700
2024-06-28,NVDA,123.03719724453093,127.9091800288474,117.8457572795687,123.33672332763672,1821317800
2024-07-05,NVDA,123.26683813440599,128.63799033992214,118.63447360818265,125.62295532226562,933185200
2024-07-12,NVDA,127.28019823232947,135.92596317348227,126.83094180644568,129.02734375,1399485700
2024-07-19,NVDA,130.34514408452472,131.1737800395054,116.36820224234275,117.73594665527344,1351385200
2024-07-26,NVDA,120.15196984200875,124.48483346113822,106.12508953993542,112.87394714355469,1513222900
2024-08-02,NVDA,113.50291478569986,119.9622829008677,101.20319035397925,107.09347534179688,2213649400
2024-08-09,NVDA,91.90851250035082,108.62097943024764,90.5407717150732,104.57763671875,2056049100
2024-08-16,NVDA,106.14505252549102,124.79431469874058,106.08515369153115,124.37500762939453,1598129600
2024-08-23,NVDA,124.07551257525068,130.53485987199215,122.89744589722252,129.1571044921875,1575724000
2024-08-30,NVDA,129.3567902083498,131.04399639094717,116.51795043355128,119.173583984375,1869975300
2024-09-06,NVDA,115.8191103772934,116.01877823521122,100.78388574677186,102.66079711914062,1570114200
2024-09-13,NVDA,104.70741977949132,120.60155948017247,103.51938307487873,118.91419219970703,1588029100
2024-09-20,NVDA,116.60779536966285,119.47331975028854,113.04336298957726,115.81903076171875,1466985900
2024-09-27,NVDA,116.36817703420066,127.47081527785902,114.68081111279044,121.21060180664062,1419480300
2024-10-04,NVDA,118.12541998168962,124.84493608439914,114.96037016184738,124.7251205444336,1271290200
2024-10-11,NVDA,124.79500006476454,135.5681732923908,124.7550615549546,134.58970642089844,1290685100
2024-10-18,NVDA,136.2570891265267,140.6701983777905,128.5391603262797,137.7847137451172,1357584500
2024-10-25,NVDA,137.91449801128798,144.194689003585,137.24555525009052,141.31918334960938,1154273100
2024-11-01,NVDA,142.77692350375753,142.91670449778834,131.90389188236236,135.1887664794922,987765800
2024-11-08,NVDA,136.9959472521015,149.53631855776948,135.3585064031532,147.399658203125,973098600
2024-11-15,NVDA,148.44803352101476,149.41650294104454,139.86145428913719,141.75848388671875,1017459800
2024-11-22,NVDA,139.28235565663965,152.65149063112756,136.93601597273187,141.72854614257812,1396264700
2024-11-29,NVDA,141.76848775116036,141.82839170792872,131.59437486042492,138.03433227539062,903463700
2024-12-06,NVDA,138.6134117376161,146.3214777724878,137.60499293345052,142.2275848388672,928447900
2024-12-13,NVDA,138.76274660606958,141.6084936848826,132.34233289302693,134.04978942871094,974961000
2024-12-20,NVDA,133.9798879813558,136.49613412730267,126.67080709010266,134.49911499023438,1291053700
2024-12-27,NVDA,136.0767567466981,141.6883821217358,134.50910636621433,136.8056640625,567998700
2025-01-03,NVDA,134.628906293037,144.6839138332244,133.63043143330796,144.2545623779297,750963600
2025-01-10,NVDA,148.36839446450836,152.9016324332477,134.0198390250661,135.7073211669922,1052112000
2025-01-17,NVDA,129.7961674567433,138.54307117698642,129.31687225149923,137.504638671875,996041100
2025-01-24,NVDA,138.95247218370304,148.74785499769604,136.88555189361048,142.40731811523438,825973500
2025-01-31,NVDA,124.61389107098998,128.8076175411123,116.0766320864675,119.89093780517578,2646704500
2025-02-07,NVDA,114.57887527254843,130.17557068191934,112.84147223806173,129.6463623046875,1369686400
2025-02-14,NVDA,129.89598286165247,139.04232643389201,128.88750205027108,138.64292907714844,949079700
2025-02-21,NVDA,141.05932980350207,143.226091877041,133.83011008980694,134.22950744628906,758833800
2025-02-28,NVDA,136.35635785611953,138.38332947991822,116.2264129341289,124.73370361328125,1677630500
2025-03-07,NVDA,123.32581202011416,123.51552349340123,107.39959517379882,112.5219497680664,1756820000
2025-03-14,NVDA,109.73610085349598,121.70943054003341,104.61374627233778,121.49972534179688,1621837200
2025-03-21,NVDA,122.56823120330081,122.71802281178023,114.37970167383446,117.5352783203125,1343942800
2025-03-28,NVDA,119.71223179694545,122.04896105750126,108.91736643615505,109.51652526855469,1156137600
2025-04-04,NVDA,104.98287310192077,111.82328673498283,91.98109847139008,94.17801666259766,1613471100
2025-04-11,NVDA,87.33759621246332,114.93891720962625,86.4987754744505,110.7747573852539,2451432700
2025-04-18,NVDA,113.9503045917023,114.1300529879136,99.90998942448081,101.34796905517578,1183206300
2025-04-25,NVDA,98.63177356997639,111.76337496991529,94.90699776234818,110.85465240478516,1248911600
2025-05-02,NVDA,109.53649064316203,115.23850951002053,103.93434018163836,114.33976745605469,1039513700
2025-05-09,NVDA,112.75199823422925,118.51392151118237,110.66491633937942,116.48675537109375,829847900
2025-05-16,NVDA,121.79931583574867,136.15919297953724,120.11167839159091,135.21051025390625,1289809300
2025-05-23,NVDA,132.20470706939753,137.2077087161811,128.97925335315108,131.10626220703125,1011442800
2025-05-30,NVDA,133.96224703921547,143.28919402135628,132.73398869983464,134.94090270996094,1199387500
2025-06-06,NVDA,135.30038976970178,143.79848066110154,135.21050414256473,141.5216522216797,975746800
2025-06-13,NVDA,142.98961854621228,144.80712890625,140.6626531024409,141.78115844726562,851876000
2025-06-20,NVDA,143.159329390418,146.00552584195606,142.46024490398213,143.65866088867188,726692000
2025-06-27,NVDA,142.31046402404658,158.4989061985097,141.84108794116847,157.54017639160156,1072401700
2025-07-04,NVDA,158.1893045239527,160.76586971787668,151.2885097592641,159.1280517578125,722664100
2025-07-11,NVDA,157.98957042846925,167.66668863474402,157.1307137305003,164.7006378173828,823265800
2025-07-18,NVDA,165.15003478890583,174.0182436825287,161.80449980139463,172.18069458007812,833732200
2025-07-25,NVDA,172.52022673163836,174.4876045602178,164.36110765827524,173.26922607421875,721624000
2025-08-01,NVDA,173.78852820706248,183.05619299307685,170.66269971388826,173.4889373779297,894627600
2025-08-08,NVDA,174.9270307365029,183.6354356942093,174.28788258302183,182.4569854736328,717049600
2025-08-15,NVDA,181.80784410502207,184.234618174838,177.8031781362909,180.20997619628906,749836800
2025-08-22,NVDA,180.359785616326,182.69666946783065,168.57547509149074,177.75326538085938,845210200
2025-08-29,NVDA,178.11278178635797,184.22464261974775,172.91967451951007,173.94830322265625,1092265600
2025-09-05,NVDA,169.77387989783634,172.18069419661035,163.85179338392152,166.79786682128906,761701300
2025-09-12,NVDA,167.32713700266137,180.0503753259473,166.51821048710502,177.59349060058594,824239800
2025-09-19,NVDA,175.44622258887705,178.62217970015598,168.1954794867923,176.4449462890625,928588600
2025-09-26,NVDA,175.07670180251023,184.31491893588398,172.90947958662534,177.96302795410156,945921100
2025-10-03,NVDA,180.20017297627672,190.80665113886596,180.09032771672483,187.38099670410156,878292100
2025-10-10,NVDA,185.2637075602064,195.37081685366852,181.81811007166195,182.92669677734375,879706600
2025-10-17,NVDA,187.73056363822363,189.8678370807686,177.06416377208902,182.9866180419922,926433200
2025-10-24,NVDA,182.89672994644732,187.23118563906056,176.53483359319367,186.02272033691406,657694900
2025-10-31,NVDA,189.74798924630224,211.9197249544373,188.18996363054165,202.23207092285156,1118935100
2025-11-07,NVDA,207.81493866642379,211.07078042213968,178.68211848431696,187.91033935546875,1028509000
2025-11-14,NVDA,194.8614791513322,199.68532876518447,180.3499840264004,189.92776489257812,924330700
2025-11-21,NVDA,185.73310233977776,195.7503316108911,172.70971237567008,178.6521453857422,1324905200
2025-11-28,NVDA,179.2613745727385,183.26626122561635,169.33402110596253,176.7745361328125,882403400
2025-12-05,NVDA,174.53739527000454,185.42349804109853,173.45876908321011,182.1877899169922,847237200
2025-12-12,NVDA,182.41751577930148,187.7709870845105,174.40727135263347,174.80679321289062,898294700
2025-12-19,NVDA,177.7232402429772,181.2289470656948,170.10252832729947,180.76951599121094,1037161100
2025-12-26,NVDA,183.6959478478248,192.45526970950266,182.1278683380167,190.2978973388672,509206800
2026-01-02,NVDA,187.4813341773615,192.69496568024334,185.68352392965699,188.6199493408203,486034400
2026-01-09,NVDA,191.52640398377517,193.39413642527967,183.44624341374129,184.63479614257812,817720000
2026-01-16,NVDA,182.99680052530172,190.20800608356458,180.57973978602013,186.0031280517578,851839300
2026-01-23,NVDA,181.67839380225757,189.3690325020707,177.39362681050815,187.44137573242188,706111000
2026-01-30,NVDA,186.93200550896393,194.25307849059112,185.47377232125424,190.8971710205078,768317800
2026-02-06,NVDA,186.97195532434574,190.0681850900544,170.82163795446576,185.1841278076172,1014486900
2026-02-13,NVDA,184.03552934237337,193.42408742490235,181.36879569323744,182.58731079101562,829165400
2026-02-20,NVDA,181.5285959992061,190.13807962880853,178.9617194034806,189.58877563476562,632002800
2026-02-27,NVDA,191.16683922839312,197.38924768090467,176.1651407824763,176.97415161132812,1269789900
2026-03-06,NVDA,174.79680413295333,184.47499807110998,174.42725972943845,177.60337829589844,952727500
2026-03-13,NVDA,176.61458806542097,187.40157611978597,175.34613090826778,180.0401611328125,818363600
2026-03-20,NVDA,182.7570048934839,188.66012868968363,171.52009228430225,172.4989471435547,968780300
2026-03-27,NVDA,177.0536408486584,181.00903649280792,166.81556566439232,167.32498168945312,875471100
2026-04-03,NVDA,168.58352034150624,177.28337661769746,164.07877596313077,177.18348693847656,723083500
2026-04-10,NVDA,176.953760088437,189.77881591864653,173.4578360976707,188.41041564941406,664719900
2026-04-17,NVDA,185.81343445538195,201.46518667284232,185.52377876103736,201.44520568847656,774630900
2026-04-24,NVDA,199.7471876833392,210.70441481695215,196.99041179336916,208.0275421142578,662523900
2026-05-01,NVDA,209.4059296471886,216.5775789683675,196.89052532216473,198.21897888183594,845045800
2026-05-08,NVDA,199.26774870200734,217.5464575316693,194.51329562325486,214.94947814941406,731866800
2026-05-15,NVDA,213.79081709888328,236.26463268418732,213.64099781886503,225.05770874023438,832028300
2026-05-22,NVDA,229.60240180074675,229.7322553439391,214.54994865072538,215.07933044433594,844088200
2026-05-29,NVDA,216.28791550863897,217.92600574795006,208.53694826896,210.8942108154297,788210400
2026-06-05,NVDA,215.47885750139108,232.00958636747916,204.3300018310547,205.10000610351562,955798300
2026-06-12,NVDA,210.17999267578125,211.39999389648438,199.33999633789062,205.19000244140625,751726900
2026-06-19,NVDA,208.9199981689453,212.7100067138672,203.0800018310547,210.69000244140625,645266300
2016-06-24,SMH,25.86276622080831,26.66898536682129,25.1112060546875,25.1112060546875,40657000
2016-07-01,SMH,24.865243275907133,26.172496656053667,24.18200706397075,25.776222229003906,47591800
2016-07-08,SMH,25.55758470156377,26.39113426208496,24.970002934914813,26.39113426208496,20873600
2016-07-15,SMH,26.54600663187863,27.32033550843329,26.51867829245368,27.192800521850586,15034200
2016-07-22,SMH,27.876038553345012,28.354301576131757,27.78948942986328,28.23131561279297,22884000
2016-07-29,SMH,28.244982374414047,29.388267250309518,28.244982374414047,28.923664093017578,32786800
2016-08-05,SMH,28.996541450374128,29.278947596666786,28.463618175644548,29.23795509338379,21133800
2016-08-12,SMH,29.34271602963076,29.5431328275381,29.146856587338334,29.4793643951416,10655200
2016-08-19,SMH,29.575013110724573,30.01228266442903,29.415596843313566,29.957622528076172,13838400
2016-08-26,SMH,29.90296551173323,30.34024116989259,29.798202557452235,30.103384017944336,16942800
2016-09-02,SMH,30.199042576354092,30.55431859921473,30.012286003011493,30.40856170654297,15198400
2016-09-09,SMH,30.495103716149174,30.58165047922317,29.010206627738633,29.05120086669922,41666200
2016-09-16,SMH,28.887221402194225,30.722847473945386,28.723246198151433,30.317461013793945,41707800
2016-09-23,SMH,30.63175126871952,31.151010940960223,30.24458500023341,30.513324737548828,25412600
2016-09-30,SMH,30.335687454608404,31.770479280434003,30.130717518834217,31.642942428588867,34935000
2016-10-07,SMH,31.588283664396553,31.797808997999944,31.219336568540417,31.711271286010742,28855800
2016-10-14,SMH,31.89801711432895,31.98000558948481,30.089714894292758,30.80027961730957,38250400
2016-10-21,SMH,30.741072880166882,31.182901689337214,30.53154791150946,30.92782211303711,31794600
2016-10-28,SMH,31.123686907337532,31.533623618499064,30.795725649864348,30.877721786499023,17119200
2016-11-04,SMH,31.046247030156835,31.273999295432677,30.180817861367466,30.331127166748047,23684000
2016-11-11,SMH,30.82761828172595,31.456191168804555,30.12160329481721,31.22844886779785,41416400
2016-11-18,SMH,31.19200777746109,32.07565283247437,30.809393744221502,32.03466033935547,29183200
2016-11-25,SMH,32.339846681396644,32.69057360938645,32.02100451261357,32.66324234008789,18704200
2016-12-02,SMH,32.59492103464509,32.71790549859333,30.741077084758086,31.324100494384766,45676800
2016-12-09,SMH,31.538177255820322,33.11417327561585,31.378756194921163,32.649574279785156,29485600
2016-12-16,SMH,32.52659565043321,33.37380732064294,32.23052597223425,32.8317756652832,40580800
2016-12-23,SMH,32.91717588208593,33.58295822143555,32.89421648477389,33.58295822143555,12416200
2016-12-30,SMH,33.67020251544874,34.13395044263603,32.8391256064741,32.89422607421875,12003400
2017-01-06,SMH,33.44521961612557,33.44521961612557,32.747297813558355,33.03197479248047,17816400
2017-01-13,SMH,33.07788585028421,33.69316450910589,32.963093089174635,33.6151008605957,22773600
2017-01-20,SMH,33.51867329940687,34.092628863809665,33.137569734844796,33.872230529785156,14709800
2017-01-27,SMH,33.77580807528292,34.82728576660156,33.40848218154123,34.82728576660156,25655400
2017-02-03,SMH,34.72167652521587,34.80432448597025,34.05130636941046,34.71708297729492,16927600
2017-02-10,SMH,34.73545521939737,34.96503292707727,34.32221022527272,34.59311294555664,15052000
2017-02-17,SMH,34.85024856848029,35.39664077758789,34.59311067035906,35.39664077758789,17755400
2017-02-24,SMH,35.57571788044061,35.73183059692383,34.66658157799099,35.23134994506836,13069400
2017-03-03,SMH,35.20838732270186,35.53438696227376,34.987988129935225,35.29562759399414,18780800
2017-03-10,SMH,35.1349194348715,35.874171607468014,34.997173545457386,35.78234100341797,16912200
2017-03-17,SMH,35.89712808948816,36.37465192923605,35.59407832606306,36.278228759765625,20129200
2017-03-24,SMH,36.42975263780719,36.72820225712354,35.72264130486732,36.33332443237305,25570200
2017-03-31,SMH,36.177216116483095,36.75575993114474,35.96600294096615,36.59964370727539,12425000
2017-04-07,SMH,36.64096166689206,36.709832849864156,35.89713558942338,36.3287353515625,12131200
2017-04-14,SMH,36.31037532903187,36.314964407004034,35.010948181152344,35.010948181152344,38661000
2017-04-21,SMH,35.17624215669594,36.278230678615856,35.16705699644731,36.09457015991211,25770600
2017-04-28,SMH,36.64555995472266,37.228685700236916,36.494034749626685,36.59504699707031,26215800
2017-05-05,SMH,36.70524782149359,37.100128173828125,36.535357377496155,37.100128173828125,20385600
2017-05-12,SMH,37.14603871621121,38.06895670582116,36.962374045177945,38.041404724121094,13781800
2017-05-19,SMH,38.087321783636014,38.9229850769043,37.39398971109335,38.45465087890625,32612800
2017-05-26,SMH,38.596984807170585,39.25817839287364,38.45005725102059,39.24899673461914,19855200
2017-06-02,SMH,39.30868461729367,39.905595476341034,39.23062826452008,39.8642692565918,14811200
2017-06-09,SMH,39.89640806167197,41.19583105065251,38.61075830420705,39.34541702270508,37630400
2017-06-16,SMH,38.867893469780185,39.671424648946314,38.169968330138445,38.6383171081543,45790600
2017-06-23,SMH,39.04696488881121,39.538264443231704,38.83115768432617,39.336238861083984,25702400
2017-06-30,SMH,39.708153196645945,39.79998378350294,37.27460532660942,37.58684539794922,59669600
2017-07-07,SMH,37.82560474777239,38.37200489751312,37.15523147583008,38.20670700073242,31678000
2017-07-14,SMH,38.28475248149832,39.923958792771096,38.124047211745165,39.8642692565918,29628600
2017-07-21,SMH,39.95150537178261,40.41985544682185,39.446441452909205,40.1627311706543,29003200
2017-07-28,SMH,40.09385015154079,40.566786059828075,39.4280712002253,39.648468017578125,35788800
2017-08-04,SMH,39.75865752213022,40.0249766301148,39.07450895631198,39.34541702270508,32132800
2017-08-11,SMH,39.46939228854984,40.34638765431426,38.6061724181927,39.10665512084961,41043400
2017-08-18,SMH,39.40969871364362,40.204051054455626,39.060746741169694,39.24441146850586,50438200
2017-08-25,SMH,39.327049298296764,39.91478202300841,38.78983301284081,39.57500457763672,22637400
2017-09-01,SMH,39.689788818359375,41.0351248127356,39.28114203401142,40.865234375,21680400
2017-09-08,SMH,40.672392944554055,40.79177202026942,40.024975674141814,40.204044342041016,19653800
2017-09-15,SMH,40.58055362392134,41.884575549015004,40.465763640652945,41.82488250732422,34041400
2017-09-22,SMH,42.13252470625638,42.655964580299916,41.420821983158724,42.04528045654297,43140200
2017-09-29,SMH,42.0452807207242,42.880953163929625,41.0764512554268,42.848812103271484,33324200
2017-10-06,SMH,43.08297982563959,43.57428296698128,42.84421468503969,43.560508728027344,20231400
2017-10-13,SMH,43.7028436329438,44.777275426604554,43.66152114322303,44.625755310058594,20151400
2017-10-20,SMH,44.80482768097435,45.32367709329999,44.26761827225025,45.17215347290039,30215600
2017-10-27,SMH,45.38796776158505,46.2419942291154,44.625756499139854,46.19148635864258,33526200
2017-11-03,SMH,45.64968223083635,47.26593017578125,45.64968223083635,47.26593017578125,38549200
2017-11-10,SMH,47.77100877436693,47.93629615056285,46.4302589201131,47.22919464111328,37896000
2017-11-17,SMH,47.05012090645842,48.15210723876953,46.655244109967896,47.40826416015625,28510200
2017-11-24,SMH,47.633253330429994,48.59290155979423,47.56897121619681,48.56534957885742,12248200
2017-12-01,SMH,48.0602713182926,48.101597535576616,44.589029262429584,45.63132095336914,81676400
2017-12-08,SMH,46.02160357191639,46.072107943818594,44.042626776315686,44.99767303466797,64207800
2017-12-15,SMH,45.10787260857067,45.57162094116211,44.722181291708765,45.57162094116211,76305600
2017-12-22,SMH,45.92371040326965,46.92964419070914,45.75605434736806,46.179847717285156,38857200
2017-12-29,SMH,45.644278157598485,46.08670313115912,45.327594937517,45.55113220214844,18714400
2018-01-05,SMH,45.87247505776394,48.145140162170215,45.77001819980068,47.954200744628906,26810000
2018-01-12,SMH,47.9542085051838,48.415260883702615,46.84115732895312,47.66545867919922,27499400
2018-01-19,SMH,48.126513867215884,50.00332893499979,47.623549305917045,49.723899841308594,33584200
2018-01-26,SMH,49.89155692176903,50.557523497021094,48.70399759646311,50.26412582397461,48265000
2018-02-02,SMH,50.14769541988044,50.501636314551035,47.9262580871582,47.9262580871582,60826200
2018-02-09,SMH,47.409326518311,48.34074744359735,43.72089310232367,45.51853561401367,133790000
2018-02-16,SMH,45.7793352208987,48.461827282762066,45.7793352208987,47.87037658691406,59388400
2018-02-23,SMH,47.893660594508724,49.22093820900397,47.879689849613186,49.206966400146484,53667400
2018-03-02,SMH,49.458447384635825,50.82763126792801,48.205687569416526,49.58884811401367,45020000
2018-03-09,SMH,49.383935108666314,52.12696838378906,49.244220556492635,52.12696838378906,41497400
2018-03-16,SMH,52.471590189444065,53.34713452683439,51.48894487124822,51.884796142578125,48854800
2018-03-23,SMH,51.49826412198844,52.07108655578452,48.47579157786539,48.48044967651367,52884200
2018-03-30,SMH,49.53296251162434,50.82298206448414,47.40466512945811,48.56428527832031,63438400
2018-04-06,SMH,48.15911863001787,48.62016336376979,46.151901157233915,46.319557189941406,67035800
2018-04-13,SMH,46.79458913340379,49.29545235777157,46.60830423659953,48.37800216674805,54903200
2018-04-20,SMH,48.573601882825265,49.43050638630853,45.88644827255016,46.09136199951172,81363600
2018-04-27,SMH,46.2403943952833,46.61760886830571,44.46137690144887,45.6815299987793,91417400
2018-05-04,SMH,45.6396234113412,46.94361114501953,44.73614312309781,46.94361114501953,79225000
2018-05-11,SMH,47.083325549677866,49.06258988341554,46.96224024791745,48.62482452392578,47687600
2018-05-18,SMH,49.50035741027561,50.00332548046545,48.42457432895357,48.69002914428711,57536800
2018-05-25,SMH,49.40256251054929,50.483013047259526,48.913565145302755,50.441097259521484,46742400
2018-06-01,SMH,50.203582848119574,51.060494334288734,49.7658139324553,51.0092658996582,38296000
2018-06-08,SMH,51.088434300353875,52.15957010787821,50.71586616367623,51.214176177978516,48914000
2018-06-15,SMH,51.102404073967996,51.72179955213438,50.88817917262062,51.36785888671875,44809600
2018-06-22,SMH,50.72517954879578,50.995289085886704,49.43050709494423,49.64006805419922,66818200
2018-06-29,SMH,48.94616474254153,49.01136391750892,46.994841928768366,47.81448745727539,80622800
2018-07-06,SMH,47.20441006095489,48.95548191498833,46.99018368683929,48.87630844116211,42792800
2018-07-13,SMH,49.258191478292474,49.831013939278215,48.336083180718454,48.89027786254883,54599600
2018-07-20,SMH,48.89959655914756,49.933471661576995,48.29882787520054,49.67267990112305,47148800
2018-07-27,SMH,49.37927137651984,50.455070735554315,48.46649066203654,49.7471923828125,103586600
2018-08-03,SMH,49.896216316924765,50.23617976731721,48.96945399616521,50.10578155517578,49037400
2018-08-10,SMH,50.08715887264816,50.930093690021145,48.97411223889379,49.1929931640625,44281000
2018-08-17,SMH,49.22559534892248,49.67733507415326,47.213725267901125,47.889007568359375,65181400
2018-08-24,SMH,47.8796821038424,49.80307388305664,47.33014372395815,49.80307388305664,44188400
2018-08-31,SMH,50.119758211843845,51.15829223739729,50.06387168062333,50.734493255615234,46738200
2018-09-07,SMH,50.52026752767357,51.1676072567738,49.14642968198603,49.2861442565918,52596400
2018-09-14,SMH,49.64007193181098,49.87292335774371,47.57698009946974,49.681983947753906,59123400
2018-09-21,SMH,49.34667989742479,50.324667454237066,48.96013936302294,49.88224792480469,45799200
2018-09-28,SMH,49.654041383966934,50.24549199593327,48.98808191640343,49.574867248535156,38154000
2018-10-05,SMH,49.719247233869375,50.37589663516705,47.18112275708697,47.628204345703125,65978000
2018-10-12,SMH,47.171808055417934,47.60957697966367,44.08880711966851,45.332252502441406,137154000
2018-10-19,SMH,45.12734190779558,46.85046531789631,44.09346213308734,44.279747009277344,72975200
2018-10-26,SMH,44.59643116279609,44.852569763945894,41.0616879049699,41.76491165161133,99956600
2018-11-02,SMH,42.37964748669331,45.70016031499786,40.4935188970941,44.899147033691406,104907800
2018-11-09,SMH,44.75010440716305,45.62565250986718,43.77677151200595,44.47068786621094,51118800
2018-11-16,SMH,43.69295148362018,44.81996437336517,42.393618984814836,43.90717315673828,104112200
2018-11-23,SMH,43.67432414809617,43.80472250176711,40.982514498878565,42.3470458984375,54391000
2018-11-30,SMH,43.068905020912915,45.05748748779297,42.584565714829274,45.05748748779297,62405000
2018-12-07,SMH,46.04012890677591,46.16586914726174,41.480826734956366,41.69505310058594,66148400
2018-12-14,SMH,41.62519721613596,43.651042486060014,41.40165819805938,42.22130584716797,70057600
2018-12-21,SMH,42.1188551917736,42.9664513744584,39.35824096836806,39.47216033935547,103073000
2018-12-28,SMH,39.135149639590544,41.95933901109561,38.30925644226904,41.22362518310547,57154600
2019-01-04,SMH,41.61759639602969,42.030540166055836,39.1826209347795,41.0527458190918,61442400
2019-01-11,SMH,41.25685212173471,43.82472282321729,41.029020631084514,43.463985443115234,67062000
2019-01-18,SMH,42.91339386579865,44.29463346471767,41.959341825370764,44.085784912109375,64952600
2019-01-25,SMH,43.67758007895304,46.160018795130476,42.23463382140837,45.98914337158203,69555400
2019-02-01,SMH,44.21869074540431,46.629929801258925,44.21869074540431,46.43057632446289,62275000
2019-02-08,SMH,46.40209596647619,48.40039137385734,46.036610989342705,46.91946792602539,70537000
2019-02-15,SMH,47.052370783700134,48.87029180658237,46.74384909831826,48.67568588256836,45111600
2019-02-22,SMH,48.49531017860939,49.51107113177889,48.48581870924053,49.44936752319336,34453600
2019-03-01,SMH,50.15659694624872,50.44138810889019,48.51904534494692,49.4968376159668,46310200
2019-03-08,SMH,49.829090311104125,49.98097917739333,47.00965119041597,47.916236877441406,49548600
2019-03-15,SMH,48.167801306303645,50.844848332232296,48.096602612421414,50.417659759521484,55071800
2019-03-22,SMH,50.46036946676411,52.49664077306147,49.9809724472481,50.66922378540039,71517800
2019-03-29,SMH,50.351206667397726,50.89231329724156,49.35918231230024,50.469871520996094,62541200
2019-04-05,SMH,51.234061942863846,53.479172634052674,51.01572192938899,53.4174690246582,59405000
2019-04-12,SMH,53.142173897619635,54.06774139404297,52.72447005539789,54.06774139404297,47155800
2019-04-19,SMH,54.053500447531654,56.40303584504916,53.36050726989466,55.88092041015625,51826600
2019-04-26,SMH,55.567647448651854,57.29538183160319,53.8683864115821,54.969581604003906,76078800
2019-05-03,SMH,54.84617376893669,55.95211344993229,54.50442291630502,55.766998291015625,58120000
2019-05-10,SMH,53.93958179554464,54.922113636933354,51.25305315436954,52.43019104003906,118391600
2019-05-17,SMH,50.66922454306922,52.0931907899271,49.8053559416138,50.04268264770508,145036000
2019-05-24,SMH,48.462088433699186,50.64548787746836,46.75333622041293,47.194759368896484,122834800
2019-05-31,SMH,47.46531857733899,47.71213470601531,46.330892675040026,46.625179290771484,82198400
2019-06-07,SMH,47.13780230496431,49.53480511235651,46.349879973469235,49.406646728515625,69895200
2019-06-14,SMH,50.0236965104828,51.64226304954501,48.4051333338294,48.72789764404297,60508600
2019-06-21,SMH,48.704159403373474,51.83212465091838,48.31019642467429,50.85908126831055,71146800
2019-06-28,SMH,50.98249165851134,52.96654608123832,50.03793759958811,52.29728698730469,61502600
2019-07-05,SMH,54.632581504197375,55.04078353774697,52.0219854083325,52.558345794677734,38716600
2019-07-12,SMH,52.05996208873164,54.257600191925576,51.77991201889312,54.229122161865234,39741800
2019-07-19,SMH,54.54239479123632,55.78124173065482,53.863644631168675,55.27811050415039,37303200
2019-07-26,SMH,55.65308217196317,58.64814327042757,55.63409561129113,57.35234451293945,51189800
2019-08-02,SMH,57.25741256059246,57.63713655816498,53.260832711922504,53.71649932861328,67582200
2019-08-09,SMH,52.25931334040461,53.89212249168588,50.98249877443506,52.91433334350586,77906000
2019-08-16,SMH,52.420698331429776,54.200650242085445,51.54732643182596,53.27032470703125,63832800
2019-08-23,SMH,54.42373722295461,54.665807745706225,51.87959201083305,52.06945037841797,59050000
2019-08-30,SMH,52.86212138764324,54.76548105850195,51.86534696293214,54.309814453125,42025800
2019-09-06,SMH,53.78294697782746,57.3286086084373,53.15640496805671,56.74478530883789,38746800
2019-09-13,SMH,56.977366151717526,58.444039820557556,56.28911189203539,57.864967346191406,37474600
2019-09-20,SMH,57.38082078507852,58.07856082399704,56.26538554421149,56.459991455078125,31419800
2019-09-27,SMH,56.39828574001084,57.475749696757944,55.37778325823997,55.89990234375,50795400
2019-10-04,SMH,56.289116090670355,57.584916704612354,54.623088806183304,57.08179473876953,42811400
2019-10-11,SMH,57.00584582034669,58.800031514625005,55.211650414986615,58.111785888671875,54467600
2019-10-18,SMH,58.111785950520066,59.51201380759081,57.43778039368315,57.95515060424805,32815400
2019-10-25,SMH,58.382335249790145,60.347397221873656,57.252663725176895,60.29518508911133,45310800
2019-11-01,SMH,60.80307119610386,61.78085469118502,59.86799836587273,61.761863708496094,40208600
2019-11-08,SMH,62.76813469341549,63.73643447000563,62.16532700522126,63.22854995727539,36266200
2019-11-15,SMH,62.69218919710245,64.20157927317761,62.46435771203652,63.74116516113281,28968200
2019-11-22,SMH,63.71268551141096,64.19683206364775,61.98969808309352,62.14159393310547,35018200
2019-11-29,SMH,62.6827000261557,63.79814147949219,62.6827000261557,63.086158752441406,21566000
2019-12-06,SMH,63.21905302387612,63.73642399686167,60.71763307235895,63.598777770996094,40803400
2019-12-13,SMH,63.63199921126956,67.36751508779655,63.162097234840076,66.3849868774414,40635000
2019-12-20,SMH,67.20138609012365,68.3358195095813,66.89285723265287,68.11273193359375,28762200
2019-12-27,SMH,68.95680311504601,69.09651532949691,68.13777291245894,68.53765106201172,14645600
2020-01-03,SMH,68.65327933784006,69.82881143461809,67.56928019040048,68.5617446899414,26780200
2020-01-10,SMH,67.69454017128152,69.95890521654988,67.33802959832852,68.8941650390625,30060200
2020-01-17,SMH,69.47231122546523,70.46957529063688,68.76889991298944,70.368408203125,32728200
2020-01-24,SMH,70.08895823328139,72.62312767968166,70.02633218436397,71.13442993164062,31866400
2020-01-31,SMH,68.8267239961439,70.13715209092996,65.98423743353034,66.27812194824219,49415000
2020-02-07,SMH,66.5671787004958,70.8742719945614,66.48046230205698,69.15432739257812,45184800
2020-02-14,SMH,68.69183239520167,73.52886401849283,68.6532893155303,72.59903717041016,41906400
2020-02-21,SMH,71.14407517308372,73.48069078148356,69.83845009230149,70.07451629638672,41871200
2020-02-28,SMH,66.85625422354417,67.90171128072116,59.889752703694235,63.580169677734375,109732200
2020-03-06,SMH,64.40399957586241,66.92369790504712,61.98065794503855,63.53680419921875,65852000
2020-03-13,SMH,58.13126463068206,61.84095001220703,52.31621001863572,57.398956298828125,66662600
2020-03-20,SMH,50.68297752057808,54.17104830293211,46.25063349942068,48.68842315673828,70837200
2020-03-27,SMH,49.3580954732717,58.77684579070789,48.13919918224611,55.39958190917969,60368000
2020-04-03,SMH,56.42577025384392,58.458873342215625,53.082239077209316,53.97834014892578,49329000
2020-04-10,SMH,56.47876664730414,62.4576187349999,56.47394784408006,59.677764892578125,59499400
2020-04-17,SMH,59.41760331190616,64.53408218984553,59.138171558025256,63.647613525390625,57839400
2020-04-24,SMH,62.63587628061162,63.70542303122155,59.15262578470676,63.5512580871582,47567800
2020-05-01,SMH,64.1823829132318,67.14049179228904,61.152006042849,61.39289474487305,53555400
2020-05-08,SMH,61.137547569100896,65.9119631604264,60.75694301455456,65.83487701416016,36216200
2020-05-15,SMH,65.19893627694844,66.44192566157405,61.383262628253675,63.20918273925781,52670400
2020-05-22,SMH,64.82797697244227,68.4172090706217,64.76534354718821,66.48046112060547,39351000
2020-05-29,SMH,68.06070002412577,68.47984403844285,65.35310437180236,67.94506072998047,44748800
2020-06-05,SMH,67.88243831388753,74.56470388844095,67.34284993384692,73.56742095947266,38951400
2020-06-12,SMH,73.89983575214814,74.54541397354554,68.82191141226994,70.30096435546875,37035400
2020-06-19,SMH,68.759272097312,74.16963526853422,68.57137920268434,72.647216796875,38191200
2020-06-26,SMH,72.66167005375534,74.24190114011472,70.86946041045262,71.1440658569336,31860200
2020-07-03,SMH,71.37049963101806,74.43943237138348,70.26723268315553,73.88539123535156,28661000
2020-07-10,SMH,75.23917108330188,77.68178846629816,74.82967696135024,77.06993865966797,34645200
2020-07-17,SMH,78.240650550235,79.03558770894405,74.58395774269593,77.18556213378906,35449000
2020-07-24,SMH,77.30117727139425,79.57517038247653,75.74986502194176,76.82423400878906,28782000
2020-07-31,SMH,78.56825719412916,80.71698945933097,77.72515195861935,80.08104705810547,34593000
2020-08-07,SMH,80.61581157594053,83.39085375646194,80.52908782301697,81.67091369628906,24349400
2020-08-14,SMH,81.93588208418856,83.34748658995697,80.33156004928007,82.22976684570312,24641400
2020-08-21,SMH,83.18369373750419,83.98825621214161,81.04941764314304,82.340576171875,20518000
2020-08-28,SMH,83.26077622532962,84.98071553370328,82.48511429465026,84.61939239501953,16984400
2020-09-04,SMH,84.35922897874623,88.94092732054835,79.73416044971098,82.58146667480469,38712800
2020-09-11,SMH,79.39692232651146,82.53328590416436,78.80433814305917,80.00395965576172,23282400
2020-09-18,SMH,81.87808033103813,84.18578603477278,80.07622906680317,81.06868743896484,25998000
2020-09-25,SMH,79.70043461249104,82.21531978813077,79.02594916883076,81.53600311279297,27539800
2020-10-02,SMH,82.79826065926393,86.27670811412592,82.12377526911602,83.41975402832031,27135000
2020-10-09,SMH,84.20986874370374,90.14055754950795,84.14242020157127,89.92375183105469,26883400
2020-10-16,SMH,91.17156159759291,91.99540113551448,88.8397496367837,89.8370361328125,18205400
2020-10-23,SMH,90.50188832815891,91.09928760456656,87.80393087345621,88.64704132080078,21001200
2020-10-30,SMH,87.95810635081584,88.28571146498953,83.37639777218074,84.28695678710938,28812800
2020-11-06,SMH,85.03852319575,95.19439552474158,84.12314910892053,94.91014862060547,29938600
2020-11-13,SMH,97.23230975142498,97.74780770089384,90.75240206316514,94.52472686767578,34338600
2020-11-20,SMH,95.26667096721837,97.62256267969852,94.75115289637097,96.3458480834961,23842200
2020-11-27,SMH,97.08296308887167,100.00253472832809,96.72644965529557,99.448486328125,16228600
2020-12-04,SMH,99.61230222794019,105.69715118408203,98.27296151429228,105.69715118408203,30550400
2020-12-11,SMH,106.38610120605576,106.85340049075718,101.370786801431,102.38251495361328,23441800
2020-12-18,SMH,103.29308141893442,105.70195922584658,102.87875252157322,104.62278747558594,20981400
2020-12-25,SMH,103.02281617798519,104.41514994887191,102.26601008806622,104.24048614501953,11756200
2021-01-01,SMH,105.40967413459158,106.02092872153082,102.80935931685775,105.96271514892578,11915000
2021-01-08,SMH,106.99605369588043,114.45740513550628,105.06037092060859,111.74551391601562,33601200
2021-01-15,SMH,111.30888876258742,117.82421964293694,111.08572438148974,113.88978576660156,31329400
2021-01-22,SMH,116.06803703715573,119.72593421945568,115.44706756704939,116.883056640625,25180600
2021-01-29,SMH,117.9697588788214,118.22203004343913,109.12093700512716,109.93596649169922,40061000
2021-02-05,SMH,111.64847844432812,116.34456994419584,111.33314503973507,114.10810089111328,31410800
2021-02-12,SMH,115.22876050060715,123.72828406847262,115.06866576638954,123.49542236328125,36806800
2021-02-19,SMH,125.1545826163238,125.45050655936495,119.00309180432112,123.15583038330078,29004200
2021-02-26,SMH,121.54034794179447,122.18557560354053,112.97774502170546,116.89276123046875,48160800
2021-03-05,SMH,118.7071745311994,120.64284821332917,105.23017933152327,110.9935531616211,56672000
2021-03-12,SMH,110.38713185055971,113.97226338527015,104.85661999999313,112.01232147216797,58855800
2021-03-19,SMH,112.65754422728189,117.68352522223444,110.99840137101667,113.3658447265625,49494200
2021-03-26,SMH,114.89401828542901,117.31483396732462,108.86866693764519,117.22750854492188,56581200
2021-04-02,SMH,116.12625239879658,122.71435946706673,113.77820620682965,122.70951080322266,40662400
2021-04-09,SMH,124.70339872984852,124.94112390440067,121.84596416862543,124.23281860351562,41705800
2021-04-16,SMH,123.63126237466471,123.99026081625793,120.80778455211585,122.452392578125,36784600
2021-04-23,SMH,121.53063455099625,121.97695591026094,117.1353327511518,120.89511108398438,44422200
2021-04-30,SMH,121.02610148557021,123.42265880095441,117.59135959889029,117.88729095458984,36275600
2021-05-07,SMH,118.65379991521868,119.10012477630151,112.9389351497406,118.17837524414062,57197800
2021-05-14,SMH,116.96553075157667,116.96553075157667,108.09730845661048,113.2009048461914,65644000
2021-05-21,SMH,111.5368987702632,116.90247145382286,108.64066376455548,115.54409790039062,56251200
2021-05-28,SMH,116.5774295275422,121.31717807545665,116.37367461152012,120.8902587890625,34542600
2021-06-04,SMH,121.75379471403116,122.801683470372,118.76052394144548,122.00121307373047,29194600
2021-06-11,SMH,121.70528717525112,122.21952502374263,119.47367850127655,122.00121307373047,29084000
2021-06-18,SMH,122.25348028258932,124.14065384388068,119.40575339317175,119.79385375976562,40851600
2021-06-25,SMH,119.78899482785715,124.06302585385137,118.83813864765276,123.00543975830078,27406400
2021-07-02,SMH,123.96600306708572,127.34250512496206,123.96600306708572,126.03752136230469,25904200
2021-07-09,SMH,126.60027832430143,127.15333694060972,120.74472744330056,124.67914581298828,22963800
2021-07-16,SMH,125.26614481117599,128.00715008051978,119.449414585486,119.75505065917969,37566400
2021-07-23,SMH,117.97945929522858,124.8586508566855,117.44581019776828,124.82954406738281,36990600
2021-07-30,SMH,124.24253643364291,128.05567277673006,120.03642094100553,127.65787506103516,29262200
2021-08-06,SMH,128.74942010830875,131.85423890655164,127.51718433221416,130.29214477539062,31793800
2021-08-13,SMH,130.53954933283927,130.8888455999715,125.49415407969849,127.3231201171875,29634200
2021-08-20,SMH,126.80402438860172,127.3376734748826,120.96788455626724,124.37836456298828,35740400
2021-08-27,SMH,125.80950255483671,132.22780390470592,125.79494916072106,131.9755401611328,36272200
2021-09-03,SMH,132.7808764211507,133.50857574796353,130.36975217691057,132.58197021484375,22815200
2021-09-10,SMH,132.77601086604133,133.91606887747812,129.5450302632868,132.0919647216797,20887800
2021-09-17,SMH,133.1689854107024,134.23141919592936,130.96645076829094,131.4709930419922,27968800
2021-09-24,SMH,128.6620756766294,132.88273651491565,126.34314130578665,132.1453399658203,24646600
2021-10-01,SMH,130.8500423433333,132.14049759413106,122.42328968015217,124.43173217773438,38782800
2021-10-08,SMH,123.4954211519542,126.260684968214,120.69135377941761,123.58760070800781,33731400
2021-10-15,SMH,122.95693429995184,127.50262665065023,121.09402142745802,127.38618469238281,30548400
2021-10-22,SMH,126.41107577707957,131.7475308949286,125.95504969383434,129.60809326171875,22959600
2021-10-29,SMH,130.195120548795,132.79543020265763,129.67601339535693,132.75177001953125,26977400
2021-11-05,SMH,132.87304394672773,145.41370546103852,132.36364556905687,143.89039611816406,39809000
2021-11-12,SMH,144.82669813793248,148.42640137399007,141.44048939975193,146.07351684570312,41696200
2021-11-19,SMH,147.0486281007364,152.36569224069973,144.40951871152367,151.45849609375,30605000
2021-11-26,SMH,152.1328212820717,154.67007162799476,144.51623872568763,145.248779296875,35359200
2021-12-03,SMH,147.7278083667888,153.09339325681668,144.34644048062563,146.09776306152344,63300800
2021-12-10,SMH,145.33126762029715,153.02060400002478,140.93596469398588,149.20260620117188,42216400
2021-12-17,SMH,149.7265555374678,151.531252967445,142.29917050986253,143.2548828125,52518200
2021-12-24,SMH,141.39322733132718,151.38194875467315,140.534830811297,150.34796142578125,30071400
2021-12-31,SMH,150.86006855159602,155.05944513239942,150.56743375580572,150.60646057128906,26606200
2022-01-07,SMH,151.83065005039745,155.43497874969495,144.4610420725223,144.80245971679688,61890400
2022-01-14,SMH,142.90518690028264,153.54748586501705,140.33484981850376,149.6895294189453,65198000
2022-01-21,SMH,147.1533260811283,147.19722008805812,132.42385812802883,132.54090881347656,73267000
2022-01-28,SMH,129.83399473732098,136.02328950935689,121.62061369995244,127.63433837890625,106598000
2022-02-04,SMH,128.49762618781494,138.5351162770028,127.75628030448111,132.92132568359375,64543400
2022-02-11,SMH,133.52610337861495,141.61269224108588,128.5561339039896,129.3706512451172,80730800
2022-02-18,SMH,129.8047432049289,136.65246511236668,127.63921210208765,129.3706512451172,71479800
2022-02-25,SMH,127.92698079514103,131.9653722727093,120.35248997856574,131.92147827148438,72351800
2022-03-04,SMH,129.9607829537427,132.10679612688804,123.05454075249428,124.54212188720703,83657200
2022-03-11,SMH,124.7177038003871,126.1760114188875,116.88472778913795,119.87940216064453,86717200
2022-03-18,SMH,119.76235428322009,131.70200488699658,115.74833004448627,131.2923126220703,96922200
2022-03-25,SMH,130.91675653042924,134.86736839595926,128.51223225250445,134.28697204589844,68890600
2022-04-01,SMH,133.30665970142095,138.72046914868025,127.58554945499323,129.4535675048828,73075600
2022-04-08,SMH,129.77546842906352,131.77030147868018,120.18667225150686,120.39640045166016,85165600
2022-04-15,SMH,118.64544755151962,121.01094161270254,116.15313400550632,116.1872787475586,68489400
2022-04-22,SMH,115.69954882375885,123.52763477940492,114.39242208507488,114.48509216308594,72765400
2022-04-29,SMH,113.71935824081454,118.35768418335995,110.12966818740838,112.10497283935547,85713400
2022-05-06,SMH,112.12448117666234,120.56223066800024,111.07098041283308,113.4803695678711,83295600
2022-05-13,SMH,111.02221108206902,113.98272931454956,104.97433754402857,113.2803955078125,85556600
2022-05-20,SMH,112.19763622256588,117.03594033269435,106.69602559782378,111.28557586669922,63307200
2022-05-27,SMH,110.86125887899821,119.98182495609682,108.19336733889324,119.78673553466797,50350000
2022-06-03,SMH,119.55263235617129,121.50355161143177,115.88976255146687,117.89434051513672,36436200
2022-06-10,SMH,119.84526160790061,120.68903415192419,108.9688588237088,109.16395568847656,43410400
2022-06-17,SMH,105.22308794952494,107.51542419586326,98.06320377756862,100.30188751220703,64593600
2022-06-24,SMH,102.30645726508439,105.47670137301881,99.70197568070184,105.42793273925781,38358200
2022-07-01,SMH,106.413152860226,106.72041708833719,94.43446563612225,95.59039306640625,44801000
2022-07-08,SMH,93.15663043627264,102.37473891124472,92.63963671465343,101.76020050048828,35683200
2022-07-15,SMH,100.19946582035344,104.79387984865741,97.24867981295652,104.75973510742188,32504600
2022-07-22,SMH,106.28146153158443,113.22187830701402,103.45749493944554,110.6027603149414,47182200
2022-07-29,SMH,109.90529817024637,116.00682367349455,107.9348712102618,115.6702880859375,33228200
2022-08-05,SMH,114.61677895335006,119.85501345875062,113.95833916121252,118.8210220336914,31748800
2022-08-12,SMH,117.32369033425648,119.84526174411029,110.58324897152859,119.67455291748047,45200200
2022-08-19,SMH,118.95272079921699,120.49882727372702,114.2265963094639,114.61190795898438,27590200
2022-08-26,SMH,112.37322064747202,115.00697197486598,108.5835518964309,108.60305786132812,30597400
2022-09-02,SMH,107.73977532032936,108.7249940277732,99.57516074565339,101.36026000976562,46331400
2022-09-09,SMH,101.370010385266,106.0717389921433,99.58491311921827,105.76934814453125,31357600
2022-09-16,SMH,106.20342366808104,106.73017403329713,97.25844227146018,99.45323181152344,45842200
2022-09-23,SMH,98.18025265665426,102.1162476224918,92.41038934867048,93.8248062133789,43695200
2022-09-30,SMH,93.83944384488731,95.0538967454157,90.28389032255052,90.28876495361328,41450600
2022-10-07,SMH,91.33739045079899,99.84341642628934,90.77162067991625,91.98607635498047,46992600
2022-10-14,SMH,91.82511518926974,91.8836405263274,81.43644575312217,84.45061492919922,68179200
2022-10-21,SMH,86.66492785601936,91.02524359604794,85.13344756717582,90.88867950439453,50364800
2022-10-28,SMH,90.62042431703472,94.1662187882165,88.87922101659395,94.02477264404297,52609800
2022-11-04,SMH,93.25416506734915,95.3123928865761,87.9817840417222,93.35171508789062,42479200
2022-11-11,SMH,93.89797655180233,108.1884895755922,92.8688638183812,107.69100189208984,60725200
2022-11-18,SMH,107.22766680792166,111.82697406434946,103.76965055103622,107.06671905517578,51456000
2022-11-25,SMH,105.69131250148463,110.26622108635281,104.74511311442473,107.91049194335938,21342000
2022-12-02,SMH,106.56434634747751,112.10497160829883,104.3354213456169,109.1932144165039,42406800
2022-12-09,SMH,108.72011714962947,109.41269426480466,104.50124096892198,107.32032775878906,31009200
2022-12-16,SMH,106.70091367174969,114.4168086766509,103.24289283137685,104.16958618164062,40926000
2022-12-23,SMH,104.16515028515344,105.02838595674605,98.38395108674489,100.37185668945312,30837400
2022-12-30,SMH,99.67633592492253,100.82566341915927,96.94850765005936,100.10548400878906,22413200
2023-01-06,SMH,101.90101069360257,105.02345423526226,98.70458263631909,104.41178894042969,27453800
2023-01-13,SMH,106.34049913217189,111.70734155305871,105.7830945387985,111.37683868408203,34592600
2023-01-20,SMH,111.10061236626335,113.97148048631244,108.38266150651972,112.14635467529297,29426600
2023-01-27,SMH,112.96026853596388,118.97330265388547,112.80735409288857,118.03114318847656,41423600
2023-02-03,SMH,116.30467773598814,126.10113784250764,114.53381470218258,122.79125213623047,49528000
2023-02-10,SMH,120.8280181099049,125.58814311687804,119.15087875599355,120.36433410644531,42262200
2023-02-17,SMH,120.88227079546394,125.17872015781133,118.68227691405494,119.752685546875,33624000
2023-02-24,SMH,117.89795468793531,120.21636104113193,114.97776408874248,117.50334167480469,32605800
2023-03-03,SMH,119.36792516824087,120.94146062164151,115.76700769628144,120.83294677734375,27262400
2023-03-10,SMH,121.16837687221192,123.10201503470601,116.66970481145188,117.26163482666016,42606000
2023-03-17,SMH,115.78180594891201,125.38096028210703,114.82484878700355,123.47692108154297,58361400
2023-03-24,SMH,123.81233659595264,129.19892909152085,122.6777997353313,125.5979995727539,48571400
2023-03-31,SMH,125.92356028088074,130.0128105221333,121.55806045585678,129.8253631591797,39864800
2023-04-07,SMH,129.16440575295186,129.64780690607444,122.96390257201081,124.50292205810547,33607000
2023-04-14,SMH,123.36838939884558,127.02849973201684,122.91457152949074,124.34508514404297,30690200
2023-04-21,SMH,123.22041099335854,126.189935151839,121.62712771540929,122.5002212524414,27095600
2023-04-28,SMH,122.23386208780059,123.00337187023035,116.9755325938614,121.96255493164062,37016200
2023-05-05,SMH,122.31771174856252,123.49664475873898,119.30873450493482,122.70740509033203,31584800
2023-05-12,SMH,122.31278393177489,123.46704856610293,120.1719606575819,121.24730682373047,23049900
2023-05-19,SMH,121.42488310770669,132.50387646709606,121.19797272166058,131.50746154785156,32587500
2023-05-26,SMH,130.37291792291023,146.3353446492406,126.22940806123441,145.37838745117188,46037700
2023-06-02,SMH,148.62413447503698,149.6698928148894,141.86624906947296,144.17477416992188,38061800
2023-06-09,SMH,143.3263418673486,147.13443006440673,141.05728208714024,144.8653564453125,32562400
2023-06-16,SMH,146.51290974433692,153.84301611581867,146.40438836468314,151.31744384765625,37202100
2023-06-23,SMH,150.69589711378862,151.86989701870064,144.98376967495176,145.5460968017578,22430700
2023-06-30,SMH,146.2860070239243,150.90308037409574,144.855508875142,150.20262145996094,30198600
2023-07-07,SMH,151.11025941886086,151.99816578798357,145.18107999739024,147.045654296875,17141600
2023-07-14,SMH,147.56853396466198,158.53898743702544,147.34163109051033,154.7900848388672,32007500
2023-07-21,SMH,155.11563981909524,158.6277758151748,150.24206983854125,151.72190856933594,45989800
2023-07-28,SMH,151.91922459199515,158.87440652624238,150.8438709284016,158.3416748046875,33810000
2023-08-04,SMH,158.5389937604439,159.00267466904063,150.11383101467507,152.17572021484375,32059500
2023-08-11,SMH,153.40892535887173,154.0403184045071,144.07612353228538,144.2438507080078,42796600
2023-08-18,SMH,143.4940575569287,149.05821081980827,141.4223023349368,144.1649169921875,39197800
2023-08-25,SMH,145.20078742343327,154.48427454965912,144.3030432103281,147.08511352539062,52548300
2023-09-01,SMH,148.33803301592607,155.51027776494354,146.8976597567749,154.109375,32579700
2023-09-08,SMH,153.53715870025306,155.5003883914508,147.44025950135162,148.35777282714844,24695200
2023-09-15,SMH,150.14342959898832,150.14342959898832,144.204376657483,144.8357696533203,35322000
2023-09-22,SMH,143.47433504019594,145.8322101669957,138.79807561672732,140.05099487304688,36574100
2023-09-29,SMH,139.40973122438345,144.95415465384318,137.880573978364,143.03038024902344,42154700
2023-10-06,SMH,143.31648311184958,146.9469944999433,140.24831621890948,146.35507202148438,45179700
2023-10-13,SMH,144.81603902161447,151.9882655930658,143.68150963538258,146.38465881347656,40241600
2023-10-20,SMH,146.55237110692772,148.66359277153506,140.0214054986205,140.1891326904297,58697600
2023-10-27,SMH,139.24203017780704,142.59630291966565,134.7926860280282,136.45008850097656,56622100
2023-11-03,SMH,136.54872769457336,148.51561386191636,134.2698010858489,147.4994659423828,48400200
2023-11-10,SMH,147.7362404795381,155.54974820186314,146.29586717081273,155.1649932861328,38145500
2023-11-17,SMH,154.1981602426158,160.76860497758196,153.10308635494795,160.38385009765625,38254900
2023-11-24,SMH,160.6008838817857,163.21525718594623,159.16051054945814,159.58473205566406,28216900
2023-12-01,SMH,159.05199846703132,162.1201575333686,156.72373264255063,158.9632110595703,35258800
2023-12-08,SMH,157.1084867909319,160.74888001510942,154.4546581376619,160.29505920410156,33914500
2023-12-15,SMH,161.3309280154029,173.49510626320884,161.09414999773037,171.73904418945312,41043400
2023-12-22,SMH,172.25814594121246,173.10176867799407,167.74227011194824,171.98023986816406,31019200
2023-12-29,SMH,172.476487540145,175.4242171541031,172.36732315728776,173.55831909179688,19367700
2024-01-05,SMH,171.05722751868723,171.05722751868723,162.74007286098762,164.83425903320312,32258000
2024-01-12,SMH,166.14434216989625,173.22085822595645,166.02524712488062,171.6527099609375,36373800
2024-01-19,SMH,171.99015373268327,185.90500018552535,170.20368140295034,185.77597045898438,39155400
2024-01-26,SMH,187.39374390207826,194.43056835394972,184.69414398060596,186.85781860351562,50078000
2024-02-02,SMH,187.30443079613488,190.2918441270269,182.76869992763264,189.78567504882812,39390600
2024-02-09,SMH,192.08827401493625,202.66831897745752,188.693923079035,202.32095336914062,40850400
2024-02-16,SMH,202.66831360491165,205.56640916550842,194.8176370571722,200.23667907714844,42297500
2024-02-23,SMH,198.76779112578586,211.75961177946115,192.26692961823207,207.05516052246094,40915100
2024-03-01,SMH,209.0203110478036,219.6599054088691,204.88158799622045,218.8857421875,33751600
2024-03-08,SMH,222.3197973683985,237.3462399736252,216.65261915926502,223.30238342285156,68615100
2024-03-15,SMH,220.47375133083546,226.30963774701928,214.3103319200729,216.2060089111328,55932000
2024-03-22,SMH,220.50352105038152,228.32442468023322,211.2236642979459,225.9324951171875,45514900
2024-03-29,SMH,223.53064482428073,227.7388427455746,219.82861904417652,223.30238342285156,22719400
2024-04-05,SMH,223.80853972038005,229.21765660936725,217.96273012927549,220.97000122070312,37204700
2024-04-12,SMH,223.20311594138687,225.86302466514596,218.32002285789738,219.02468872070312,33694600
2024-04-19,SMH,222.0716674663678,223.292437085099,196.95153070324866,197.71575927734375,49166900
2024-04-26,SMH,199.46253577888126,217.03968441119534,197.65618023417417,216.0074920654297,38714800
2024-05-03,SMH,215.8487003402694,217.97264972700944,204.5639854841193,216.09683227539062,35470200
2024-05-10,SMH,217.7245210839211,223.74900858940728,216.5831531852359,221.62506103515625,25964300
2024-05-17,SMH,222.31979718918691,233.3464584171596,220.57300179550884,228.52291870117188,28686600
2024-05-24,SMH,229.73376880330727,242.72556930619268,229.15811750569497,242.42782592773438,34541000
2024-05-31,SMH,245.8320920679135,248.96839269991975,232.5028323998625,238.67617797851562,35094100
2024-06-07,SMH,243.26153006911318,254.0003748591305,237.22713385771235,250.3181915283203,38358700
2024-06-14,SMH,249.21652106386932,266.575315877744,248.17439401765313,265.8805847167969,34491500
2024-06-21,SMH,268.67941448967514,277.4729715595622,260.05457858289094,262.903076171875,41451300
2024-06-28,SMH,259.5385157656854,264.40173308125196,253.81179169365416,258.7445068359375,36178600
2024-07-05,SMH,259.0422808921922,270.00934778139003,253.74233900972803,267.69683837890625,21351300
2024-07-12,SMH,270.7934488138165,280.9467232097555,267.9747529018556,272.3913879394531,38601600
2024-07-19,SMH,274.33669628707315,275.3887429729538,245.93135154828116,246.2787322998047,50032400
2024-07-26,SMH,251.1022683446203,255.96550780028048,229.08864838302244,238.50746154785156,54013500
2024-08-02,SMH,240.62148032311066,245.8321059644064,212.57345884898314,216.7915802001953,75462400
2024-08-09,SMH,199.47246073039653,224.79111949757848,198.98614587388144,223.16342163085938,65525700
2024-08-16,SMH,223.50088639680058,245.54427822987003,222.36943796962393,244.85946655273438,35157100
2024-08-23,SMH,243.94633906226542,251.41988846574054,239.72823470785252,246.52685546875,31897400
2024-08-30,SMH,245.63359708344842,246.68564366083737,235.0039289665548,241.6338348388672,38453900
2024-09-06,SMH,237.07824986588486,237.07824986588486,211.96804735021624,213.38731384277344,41667300
2024-09-13,SMH,216.82135330820083,235.76816390523186,214.17136746657866,235.13296508789062,41348600
2024-09-20,SMH,231.63936689589102,242.02090812123035,229.05886426005299,236.11553955078125,36965300
2024-09-27,SMH,237.0187045421878,254.0698451150758,235.34137866207274,245.88172912597656,31406300
2024-10-04,SMH,242.318650113845,247.34070901664364,235.2222774610929,245.9611358642578,31545100
2024-10-11,SMH,244.6808130595703,255.37001258844546,244.4624620360751,254.7646026611328,21705000
2024-10-18,SMH,256.5808527430772,260.2928199200609,243.65853385943208,249.62344360351562,34895500
2024-10-25,SMH,249.11727149625088,254.6256292455736,243.99597631011042,251.0625762939453,21955500
2024-11-01,SMH,250.8740103372477,256.39225583630144,238.47767957619268,242.91415405273438,29284200
2024-11-08,SMH,243.46995179991544,259.9156705639697,241.58420956763365,257.39471435546875,26113600
2024-11-15,SMH,255.98538149096782,256.11438093163315,237.00879380845024,238.15016174316406,33886500
2024-11-22,SMH,237.237058421488,246.32836313999005,235.6093605049078,242.7851104736328,33359000
2024-11-29,SMH,244.50216145089468,244.50216145089468,232.41350781880536,240.31381225585938,22078200
2024-12-06,SMH,241.52465724846957,251.1717484032011,241.52465724846957,246.7451934814453,24512400
2024-12-13,SMH,244.37312722866494,249.74253865156865,236.58200514619506,247.61859130859375,29131000
2024-12-20,SMH,248.6210151514202,252.5612504081415,234.76573250444088,240.88946533203125,30849000
2024-12-27,SMH,242.77457766879388,251.60710446904028,242.77457766879388,247.6294708251953,14729100
2025-01-03,SMH,243.8611928306304,251.5472949424181,240.6511769866738,251.09869384765625,16062300
2025-01-10,SMH,257.8676320030354,262.76236887950955,244.1602696573686,246.4132537841797,30285300
2025-01-17,SMH,240.32221596756088,257.87757242116845,239.87359968382404,257.44891357421875,26199200
2025-01-24,SMH,259.9909857331369,268.82354460343697,257.64829977595156,260.71875,21364300
2025-01-31,SMH,241.72782975498282,250.67999603907168,231.51960367579306,242.8643035888672,57704400
2025-02-07,SMH,235.2380407334613,249.87248861532353,234.390671282395,244.24002075195312,29005800
2025-02-14,SMH,246.23381982720807,252.43452292625614,243.78144915793476,251.7965087890625,20344600
2025-02-21,SMH,253.92986961685904,258.8246456445032,248.4170323352361,249.2145538330078,21367000
2025-02-28,SMH,250.52047834774453,251.27811537552833,224.93010705835152,232.04795837402344,41027800
2025-03-07,SMH,234.63989829057658,234.63989829057658,216.39667303673542,224.39178466796875,47945700
2025-03-14,SMH,218.88890704414897,226.25599239717874,209.8071651164808,225.86720275878906,35936100
2025-03-21,SMH,225.52824372249796,230.32332095445628,220.7232062856589,224.07278442382812,25295400
2025-03-28,SMH,228.4890244707676,231.69903733075589,210.39533513796817,211.51185607910156,37340700
2025-04-04,SMH,206.68686867727024,215.93809070608916,177.67713102978792,180.23916625976562,59183800
2025-04-11,SMH,172.95185114762114,212.14987934257846,169.58233081295577,200.685546875,95315200
2025-04-18,SMH,205.9790729613912,206.1385803022612,187.94519251905822,191.9327850341797,35075700
2025-04-25,SMH,188.31403321977635,212.62838228132657,183.82799205053539,211.31248474121094,45494800
2025-05-02,SMH,210.23582777901834,220.2347227062131,203.25754255821423,218.3505859375,29685900
2025-05-09,SMH,216.3567796133436,224.66094284212375,212.1797797210131,222.70701599121094,28038900
2025-05-16,SMH,235.98570664008844,248.66624800822134,233.32399068293594,245.65562438964844,35598500
2025-05-23,SMH,240.65118652431033,247.80892365768327,233.86231041874822,236.70347595214844,25466500
2025-05-30,SMH,241.73781065096986,248.43696780094618,234.6398836556624,239.0063018798828,39783200
2025-06-06,SMH,238.43807295471265,255.2657064285966,238.21876937396968,251.946044921875,33141100
2025-06-13,SMH,254.2089912607563,264.08825724426777,254.2089912607563,256.19281005859375,51622500
2025-06-20,SMH,259.15361401004014,264.7063453124686,256.4221195780357,259.462646484375,33589700
2025-06-27,SMH,259.04395773323904,279.6299005060358,256.3224151742909,277.5563659667969,42895500
2025-07-04,SMH,278.8323867689284,284.3053716941677,271.3157670930492,282.740234375,28463900
2025-07-11,SMH,280.88600804059047,288.0437198823856,277.68594335301464,286.59820556640625,34925800
2025-07-18,SMH,285.4119076872179,292.4201061718469,280.8660548833804,289.40948486328125,39934600
2025-07-25,SMH,289.76836353659513,292.6194772971377,281.24488346304116,286.59820556640625,35560500
2025-08-01,SMH,288.88112426079437,296.45755491377344,278.3239694071408,283.0692138671875,44531200
2025-08-08,SMH,285.40195953380737,293.7958097378304,281.8928627714998,292.6194763183594,31556800
2025-08-15,SMH,293.5964407679444,302.0401979271147,291.82196353849895,294.73291015625,37205500
2025-08-22,SMH,294.00519367275,296.2681413508097,280.2778881243114,292.7291564941406,35738500
2025-08-29,SMH,292.8388147194147,299.84698098592816,288.20324571637053,289.3895568847656,36193200
2025-09-05,SMH,282.211870573541,294.23446433064976,280.86605209642283,292.3702697753906,36682200
2025-09-12,SMH,294.22449550002494,304.64208723451054,293.88552340189744,303.37603759765625,36785900
2025-09-19,SMH,302.87757898382705,317.63166163741187,300.4351617848038,314.7306823730469,43982700
2025-09-26,SMH,315.2889315341914,324.3507380456365,312.62723594660264,320.8217468261719,45888300
2025-10-03,SMH,323.6429359759998,339.72290810867474,321.4298237848765,335.6356201171875,39067900
2025-10-10,SMH,344.38838436646853,347.4488686151008,323.82238280194997,324.330810546875,51840400
2025-10-17,SMH,336.4331583794127,346.013328905347,329.22559632354233,341.76654052734375,44784500
2025-10-24,SMH,344.92672749029794,351.8452161698542,331.3689025965685,350.0508117675781,30914800
2025-10-31,SMH,356.5605387082786,371.6236615930155,355.1050456516838,361.8939208984375,31702600
2025-11-07,SMH,366.5494502515679,368.32392758211137,335.63564445376073,347.0401611328125,45668600
2025-11-14,SMH,356.44088870794985,358.88330112085475,332.71473566928705,343.909912109375,45638600
2025-11-21,SMH,340.8793121249356,348.69498859287853,314.0727298547913,325.1183776855469,61682100
2025-11-28,SMH,327.97945102914935,351.47636482218815,326.334589057999,351.187255859375,31589600
2025-12-05,SMH,347.7679062579651,367.43668105837344,346.9803482451042,363.28961181640625,22793600
2025-12-12,SMH,366.9581829244108,374.42494358875547,351.78540151862677,353.02154541015625,33366700
2025-12-19,SMH,357.0191163097522,358.0858045629817,337.0113507136768,355.125,39334300
2025-12-26,SMH,362.4100036621094,367.3500061035156,357.7699890136719,365.8599853515625,12903400
2026-01-02,SMH,362.6600036621094,376.3399963378906,360.07000732421875,373.29998779296875,19461100
2026-01-09,SMH,381.7200012207031,390.8800048828125,375.8599853515625,389.2200012207031,37546200
2026-01-16,SMH,385.6700134277344,405.30999755859375,383.80999755859375,400.3900146484375,32944100
2026-01-23,SMH,393.1600036621094,408.7300109863281,389.42999267578125,400.0899963378906,27245200
2026-01-30,SMH,398.3999938964844,420.6000061035156,396.2200012207031,403.4599914550781,36495900
2026-02-06,SMH,398.8599853515625,412.5799865722656,374.239990234375,401.6499938964844,60511500
2026-02-13,SMH,398.9100036621094,420.0400085449219,397.0,407.7200012207031,31632400
2026-02-20,SMH,402.7099914550781,417.0400085449219,397.7699890136719,415.0299987792969,22924800
2026-02-27,SMH,413.57000732421875,427.94000244140625,401.8800048828125,406.3699951171875,45246600
2026-03-06,SMH,397.25,407.3599853515625,378.5299987792969,380.55999755859375,58243200
2026-03-13,SMH,375.760009765625,404.3900146484375,374.1600036621094,387.3299865722656,53532000
2026-03-20,SMH,395.1400146484375,399.69000244140625,380.8699951171875,384.739990234375,50857900
2026-03-27,SMH,393.3599853515625,402.5,373.010009765625,374.25,52925800
2026-04-03,SMH,377.6199951171875,396.6300048828125,359.8599853515625,392.32000732421875,45344300
2026-04-10,SMH,393.75,441.5400085449219,389.6400146484375,436.8800048828125,38285300
2026-04-17,SMH,434.75,464.5799865722656,433.6000061035156,464.1600036621094,36273200
2026-04-24,SMH,464.6400146484375,509.5899963378906,458.6499938964844,506.44000244140625,40602900
2026-05-01,SMH,509.19000244140625,511.989990234375,483.2900085449219,509.82000732421875,41422800
2026-05-08,SMH,512.469970703125,566.7899780273438,501.1499938964844,566.5399780273438,50213900
2026-05-15,SMH,570.260009765625,581.1699829101562,542.6699829101562,556.3400268554688,61456700
2026-05-22,SMH,565.47998046875,582.5,527.8699951171875,576.3200073242188,48944300
2026-05-29,SMH,591.5800170898438,612.2999877929688,584.9299926757812,598.9299926757812,36438600
2026-06-05,SMH,596.0999755859375,642.77001953125,569.6900024414062,569.6900024414062,59413300
2026-06-12,SMH,597.2100219726562,624.6199951171875,554.6599731445312,619.9600219726562,68025100
2026-06-19,SMH,643.5,663.7999877929688,616.0,659.8800048828125,42452000
2016-06-24,SPY,177.8755912887902,179.62181593253078,172.67953589151026,173.1224822998047,686987600
2016-07-01,SPY,171.71701148787568,179.29816182418008,169.2126787224782,178.8126220703125,798564000
2016-07-08,SPY,177.98641702353322,181.38507933652699,176.37642144980018,181.13804626464844,425390000
2016-07-15,SPY,181.5980887568401,184.8519962300285,181.39364887527617,183.84686279296875,460619900
2016-07-22,SPY,183.96611194887564,185.15864216846145,183.67653574879907,185.04791259765625,301795900
2016-07-29,SPY,184.84347369635424,185.3034081203237,183.6679611384984,184.94564819335938,354592600
2016-08-05,SPY,185.0053269756298,185.89119555549402,182.5009920927308,185.84860229492188,338078200
2016-08-12,SPY,186.03601136483033,186.49594968708675,185.0393947939079,186.08712768554688,282917100
2016-08-19,SPY,186.45338874073167,186.97299530682014,184.860466706597,186.15524291992188,306593700
2016-08-26,SPY,185.91670484358423,187.05820721101114,184.20463498108924,185.09051513671875,378228000
2016-09-02,SPY,185.21827125245898,186.43631300752017,184.01722310856502,186.01040649414062,391024300
2016-09-09,SPY,186.29151670298387,186.73452006397048,181.64920554922554,181.6747589111328,428949000
2016-09-16,SPY,180.91659072552463,184.68160321216067,180.84844411519546,182.6694793701172,774789500
2016-09-23,SPY,183.32013997282112,186.23090496857742,182.3784070616497,184.91253662109375,410509800
2016-09-30,SPY,184.08210674101107,185.87992589879707,182.88349608546716,185.17791748046875,501006600
2016-10-07,SPY,184.7670095327283,185.17788132018285,183.2002760132762,184.0991668701172,428991900
2016-10-14,SPY,185.0580291748047,185.52032604567063,180.82026871823211,182.4553985595703,450791700
2016-10-21,SPY,182.42976500852797,183.75673438142863,181.6421398142282,183.19171142578125,364393500
2016-10-28,SPY,184.06495270797885,184.33891611727435,181.24831282341424,181.95887756347656,420237800
2016-11-04,SPY,182.2927529041506,182.51535139937488,178.3974916039178,178.54302978515625,485446500
2016-11-11,SPY,178.54307366185037,186.89867990417122,178.54307366185037,185.28062438964844,747662000
2016-11-18,SPY,185.80288643230247,187.72061454002625,184.68137636929268,187.0614013671875,407913300
2016-11-25,SPY,187.63491755839485,189.6810742220705,187.4893794250663,189.64683532714844,234324100
2016-12-02,SPY,189.33858953652754,189.9037232539868,187.61779104827826,188.07154846191406,413631800
2016-12-09,SPY,188.90196858880603,193.93593395913584,188.70506558902835,193.91880798339844,426173500
2016-12-16,SPY,193.82471653529913,195.48554731913939,192.942843339538,193.79591369628906,636388200
2016-12-23,SPY,193.97677116092234,195.11351117714477,193.6925742594399,194.37289428710938,341005800
2016-12-30,SPY,194.63988827841183,195.2513060949005,191.80662739674145,192.4955596923828,264461900
2017-01-06,SPY,193.7958967308444,196.12966407630134,192.79695876636885,195.66464233398438,320049800
2017-01-13,SPY,195.40628861430002,195.87131035074572,193.7270835373612,195.52682495117188,320192700
2017-01-20,SPY,194.88960402791093,195.7507279330802,194.1145696678997,195.25987243652344,311811500
2017-01-27,SPY,195.2599114531842,197.81761761591775,193.99400203606893,197.18028259277344,374736400
2017-02-03,SPY,196.49137484772928,197.67976645215273,194.898217258071,197.49891662597656,384956600
2017-02-10,SPY,197.09417587961693,199.59149472948081,196.61192366598257,199.36758422851562,299258600
2017-02-17,SPY,199.8584786124461,202.51088670074023,199.8326448036595,202.4506072998047,375003400
2017-02-24,SPY,202.82092162875713,204.00925579101815,202.72615864919575,203.8715057373047,308058800
2017-03-03,SPY,203.785346859116,206.95447579618843,203.2514872424162,205.31832885742188,454855800
2017-03-10,SPY,204.52599832218158,205.0599146181717,203.01038655132612,204.6895751953125,371339600
2017-03-17,SPY,204.62934583908455,206.1966781857777,203.3978748809851,205.00929260253906,380565500
2017-03-24,SPY,205.00923422284296,205.51092452648842,201.48905906185442,202.26747131347656,494830700
2017-03-31,SPY,200.5982389240359,204.5681553695538,200.32147504346014,203.89353942871094,373359800
2017-04-07,SPY,203.94540265571393,205.32064431094852,202.31072631325307,203.42649841308594,394361400
2017-04-14,SPY,203.56486351066155,204.3432758756478,201.09986877441406,201.09986877441406,330405400
2017-04-21,SPY,201.6188347524172,203.98867342346213,201.4199094790997,202.8988800048828,423293100
2017-04-28,SPY,205.1390306880979,207.17150352612882,202.87297421055138,205.91744995117188,401553800
2017-05-05,SPY,206.43638610839844,207.33587486401794,205.58873915342298,207.31857299804688,320859900
2017-05-12,SPY,207.36178939446052,207.74240093927168,205.96067341458388,206.6958465576172,270313700
2017-05-19,SPY,207.11963353742098,208.15749430527327,203.62537552258183,206.1163787841797,507393900
2017-05-26,SPY,206.6266809869533,209.37707310415792,206.55749990544214,209.05703735351562,266981600
2017-06-02,SPY,208.73702345379505,211.3403980348541,208.13160259292346,211.18470764160156,284626000
2017-06-09,SPY,211.01172035211985,211.91125062202613,209.26463242652287,210.52740478515625,347425600
2017-06-16,SPY,210.28522084613712,211.79012259331708,209.61922098575457,210.88479614257812,375795400
2017-06-23,SPY,211.71050078004595,212.70130436516789,210.68488301460977,211.3107147216797,289142700
2017-06-30,SPY,211.97993573108084,212.3971259753546,208.55555631046235,210.15475463867188,402761200
2017-07-07,SPY,211.0934061863297,211.52796934909023,208.88583699475083,210.4241943359375,216954500
2017-07-14,SPY,210.42417841054788,213.77904401869978,209.32910242406086,213.42269897460938,246362600
2017-07-21,SPY,213.34443047246788,215.03923718954388,212.64912746069257,214.56996154785156,256784700
2017-07-28,SPY,214.4916447265497,215.54335678178802,213.5269770784798,214.5959930419922,269968300
2017-08-04,SPY,214.9957720304814,215.3607765180168,214.1267145807188,215.030517578125,269148100
2017-08-11,SPY,215.09999322135292,216.33419735787277,211.8060851326242,212.17112731933594,351696400
2017-08-18,SPY,213.4487314454998,215.16963947317822,210.50237007009596,210.9456329345703,450488500
2017-08-25,SPY,210.88481073859253,213.47484155193214,210.18082053799722,212.5535430908203,294001200
2017-09-01,SPY,213.08369316418083,215.83012774424623,211.1368989575475,215.4042510986328,319543000
2017-09-08,SPY,214.90017245863578,215.12615379291992,212.89249275003215,214.30917358398438,271183200
2017-09-15,SPY,215.57809645054567,217.739756008967,215.56072347185696,217.6524200439453,378367500
2017-09-22,SPY,218.01923179186971,218.525859153917,217.41658711242658,217.8708038330078,252342800
2017-09-29,SPY,217.61746600132773,219.51282378636614,216.68289258120123,219.4342041015625,322504600
2017-10-06,SPY,219.66133501937134,222.4650249475023,219.48663643311738,222.17678833007812,325955600
2017-10-13,SPY,222.4039281542774,222.9629482537238,221.54794775599703,222.68344116210938,228400300
2017-10-20,SPY,222.91051376147277,224.59628187884428,222.1593875746752,224.57005310058594,261751200
2017-10-27,SPY,224.89322883296725,225.25138613887677,221.85364604019503,225.09414672851562,389927000
2017-11-03,SPY,224.01105321483814,225.78417035762655,223.76650865456273,225.74050903320312,284832400
2017-11-10,SPY,225.60942075481384,226.5265649754122,223.91494531222034,225.42604064941406,312694600
2017-11-17,SPY,224.7447214001383,226.25572647801556,223.27740972687494,225.2251434326172,335889100
2017-11-24,SPY,225.4697091570141,227.51357233228404,225.22512048211286,227.4087371826172,190142200
2017-12-01,SPY,227.4524398025085,232.3786340239822,227.09432632006434,230.9897918701172,521044000
2017-12-08,SPY,232.6056759761227,233.03365281038865,229.4613334017952,231.90696716308594,401716200
2017-12-15,SPY,232.605712890625,234.43550291442347,231.88076970373237,233.97021484375,516455700
2017-12-22,SPY,235.36604641274744,235.80499837293848,234.12828883838594,234.84812927246094,388541200
2017-12-29,SPY,234.4442192693673,235.76115654365725,234.08438313836797,234.27749633789062,244118900
2018-01-05,SPY,235.13793148850266,240.15943743914386,234.7516513759849,240.0365447998047,340886500
2018-01-12,SPY,239.93991329663294,244.1538834452127,239.59760838310203,243.9871063232422,337325100
2018-01-19,SPY,245.24253818450373,246.1731414794922,242.45957014401458,246.1731414794922,461462000
2018-01-26,SPY,245.96241956189593,251.6336482169406,245.90972066426502,251.58973693847656,515553600
2018-02-02,SPY,251.01907184010386,251.45802381833292,241.78360191588195,241.8187255859375,593556800
2018-02-09,SPY,240.0628951810938,242.16985973581026,222.0395699233782,229.57199096679688,1347099500
2018-02-16,SPY,231.61744087262778,241.70454573082915,229.71240386406902,239.7643585205078,617315700
2018-02-23,SPY,238.8161910299768,241.17778049482195,236.71812589843753,241.1690673828125,388531100
2018-03-02,SPY,242.24013191492972,244.86507195937202,232.48660193015064,236.22645568847656,623436700
2018-03-09,SPY,235.04135621975445,244.821044921875,234.9359851861803,244.821044921875,444110600
2018-03-16,SPY,245.11077368566734,246.17315439753227,240.92321798909455,241.68545532226562,453565500
2018-03-23,SPY,240.93622002883185,241.86170049075108,227.2564954692328,227.45040893554688,579996000
2018-03-30,SPY,231.04669419910772,235.13645231917573,227.91761869403678,231.9457244873047,529951400
2018-04-06,SPY,231.41682631878385,235.02193855166377,224.47124538181424,228.9224395751953,692132300
2018-04-13,SPY,230.37678033142026,235.81511809760713,229.11635597247158,233.70851135253906,454081800
2018-04-20,SPY,235.33923954798865,239.1293087659003,234.1140173807684,234.9954376220703,363000200
2018-04-27,SPY,235.56834131435096,236.20298397525707,229.91847302010967,234.9513397216797,407069900
2018-05-04,SPY,235.5683758116827,236.12367485222273,228.3318548270563,234.47535705566406,470288200
2018-05-11,SPY,235.2421742011386,240.75991394858534,233.70848525671053,240.49549865722656,314405600
2018-05-18,SPY,240.927451634401,241.57969413016048,238.00986173509827,239.15570068359375,316673700
2018-05-25,SPY,240.6365285554006,241.72955426545334,238.67097206902508,239.8784942626953,308105100
2018-06-01,SPY,238.25674504247283,241.45618896164063,236.00913379265558,241.15650939941406,350365300
2018-06-08,SPY,241.9763384764614,245.28163364391338,241.66781073878218,245.20230102539062,304361500
2018-06-15,SPY,245.4227372570026,246.33933412363743,243.7888050631181,245.36477661132812,407431300
2018-06-22,SPY,243.91277699312204,245.0018173571571,242.1774654761599,243.248779296875,330194500
2018-06-29,SPY,242.0978250397967,242.47855430114694,237.7152041932357,240.18540954589844,485755300
2018-07-06,SPY,238.61828121441778,244.22261259330455,238.3792118140002,243.85076904296875,229161500
2018-07-13,SPY,244.85131916394857,247.84379558873528,244.80706106381928,247.5427703857422,287912600
2018-07-20,SPY,247.58705593796378,248.9505861324455,246.4980991384023,247.6225128173828,288859800
2018-07-27,SPY,247.41894365871448,251.77499148944142,247.07363319847968,249.1632080078125,328645600
2018-08-03,SPY,249.24266766742304,251.146275414807,247.16213089419983,251.09315490722656,303528100
2018-08-10,SPY,251.12867518151927,253.22701610254995,249.99530995422668,250.70362854003906,237505100
2018-08-17,SPY,250.97808491065413,252.8285532819116,248.0475338300558,252.3858642578125,348086700
2018-08-24,SPY,252.83736013103712,254.6968243133169,252.38580877944412,254.55516052246094,258765100
2018-08-31,SPY,255.75035100152513,258.3002177918885,255.5909893995617,257.0341491699219,292871700
2018-09-07,SPY,256.61789936465385,256.9454848288669,253.84676608884516,254.634765625,269481500
2018-09-14,SPY,255.64406629350196,257.88410181150124,254.08588176015792,257.538818359375,266666300
2018-09-21,SPY,257.4856929408959,260.78581879458903,255.90085840767378,259.6918640136719,385095300
2018-09-28,SPY,259.11380324733983,259.91415398039527,257.3972035619519,258.5622863769531,306860200
2018-10-05,SPY,259.7985457060066,260.776805810469,254.56007018759942,255.98309326171875,391529300
2018-10-12,SPY,255.29824864888656,256.9081002124858,240.4543801338489,245.4260711669922,834839200
2018-10-19,SPY,245.07028903016487,250.05089871671996,243.9585565864753,245.69287109375,605604600
2018-10-26,SPY,246.35994223177246,246.68010818995015,233.27707512923888,235.9807891845703,746211300
2018-11-02,SPY,239.06697033859635,244.7856699043476,231.10698111147096,241.81512451171875,668290500
2018-11-09,SPY,242.30428826612493,250.11312204168914,241.33486092616565,247.035888671875,392858000
2018-11-16,SPY,246.5288648830086,246.76898929040124,237.47496842136428,243.45166015625,584955500
2018-11-23,SPY,242.84676712894193,243.1402796246342,233.9707611642056,234.13084411621094,357454600
2018-11-30,SPY,236.3809911999364,245.71958882183426,235.9896592196982,245.15927124023438,463664000
2018-12-07,SPY,249.27711038226846,249.38383236101384,233.41044708855944,234.41546630859375,646366600
2018-12-14,SPY,234.23766348952273,239.24485459889894,230.0130786005715,231.65829467773438,584550800
2018-12-21,SPY,230.7067150296598,231.81844749138895,214.6812341608542,215.32533264160156,1022399200
2018-12-28,SPY,213.84035620425558,224.89735185930846,209.11693755623702,221.63214111328125,705164500
2019-01-04,SPY,223.25134548294824,226.42705742914634,217.9822360854176,225.782958984375,557994100
2019-01-11,SPY,226.05139025273738,231.83930266140655,225.15681037989435,231.67828369140625,471340300
2019-01-18,SPY,229.78173558745547,238.8349499938338,229.37919109052422,238.3697509765625,457771900
2019-01-25,SPY,236.90262700516908,238.58446960976903,233.18117144550067,237.76144409179688,357649000
2019-02-01,SPY,235.62338606355894,242.61004400064866,234.19205292689497,241.5902099609375,434018300
2019-02-08,SPY,241.63495404193895,244.6138003351203,239.59522139590058,241.95692443847656,369916300
2019-02-15,SPY,242.61004281578042,248.16536847036366,241.56337248015748,248.12957763671875,385891900
2019-02-22,SPY,247.33342058177877,249.90982457999132,247.21715515945522,249.71304321289062,278060900
2019-03-01,SPY,251.13539394000878,251.6542382053372,248.22798442510532,250.8580322265625,330945200
2019-03-08,SPY,251.91370436866936,252.15523111262803,243.70141373931386,245.52633666992188,421329900
2019-03-15,SPY,246.2420801446777,253.57131202170393,246.21524383880765,252.7626495361328,374233000
2019-03-22,SPY,252.97833933405315,256.2399957566535,250.8488249198276,250.91172790527344,439286800
2019-03-29,SPY,250.5703229974843,254.13735780123187,249.46516070418787,253.81390380859375,364351100
2019-04-05,SPY,255.8087003800633,259.33988924285876,255.53912787981554,259.2859802246094,293550700
2019-04-12,SPY,258.86372236842993,260.9931386511058,257.60575494563386,260.714599609375,297131000
2019-04-19,SPY,260.78653593400213,261.8558353530679,259.36683190031505,260.58880615234375,228726700
2019-04-26,SPY,259.8250957710666,263.70669621419734,259.73523826780877,263.63482666015625,251486900
2019-05-03,SPY,263.72473307170276,265.01844808882976,260.13949601586444,264.1919250488281,331555200
2019-05-10,SPY,259.89701208717844,263.5450025264516,253.65230411465123,258.8637390136719,559396700
2019-05-17,SPY,253.76006930266527,259.8609579611438,251.52273551419995,256.8330383300781,455352700
2019-05-24,SPY,255.2336049280397,257.81233007528556,252.09780069472387,254.08351135253906,313209100
2019-05-31,SPY,254.3620800476199,255.3145092656679,247.3086167879854,247.3355712890625,324388900
2019-06-07,SPY,247.37163762346586,259.53752459010883,245.37692133142656,258.45928955078125,388532200
2019-06-14,SPY,260.0047883414486,261.8287280257867,258.61207399835774,259.90594482421875,267806600
2019-06-21,SPY,260.13959434181544,266.8221515056671,259.83410072212484,265.44976806640625,403194400
2019-06-28,SPY,265.6574273212025,265.97341688825486,262.154230803802,264.54681396484375,280902400
2019-07-05,SPY,267.8694855427903,269.80164477374774,265.7476878432094,269.4766845703125,232786300
2019-07-12,SPY,268.1675230833992,271.5261956250817,266.7860821236766,271.4539489746094,236543700
2019-07-19,SPY,271.8873226456437,271.8873226456437,267.8875359461371,268.3118591308594,216657600
2019-07-26,SPY,268.7091319171699,272.88049117681857,268.19450545816716,272.6818542480469,235894000
2019-08-02,SPY,272.56443710470654,272.6818172131321,262.6508237263318,264.20379638671875,447617000
2019-08-09,SPY,260.1136629564653,265.1066589355469,254.36225615994783,263.3008117675781,621473300
2019-08-16,SPY,261.80205988649254,265.58513268360247,254.96714703508582,260.7998962402344,478024400
2019-08-23,SPY,263.81544321847423,265.38650783914835,255.9422397627942,257.188232421875,355520800
2019-08-30,SPY,259.3733202614595,265.6663854420489,257.5494645347921,264.05023193359375,319590000
2019-09-06,SPY,262.3528412178477,269.81064296202624,261.17906729483354,269.1064453125,248831100
2019-09-13,SPY,270.09069320094045,273.08816543274827,267.22837353862485,271.85113525390625,313042000
2019-09-20,SPY,270.72254318691955,273.2416593963996,269.27788888143056,270.5578308105469,339168000
2019-09-27,SPY,269.89559997751627,271.97279346935863,266.3944915703861,267.945556640625,351126500
2019-10-04,SPY,268.4625040639401,270.72109036382295,258.3487738908161,266.9931335449219,412814300
2019-10-11,SPY,266.1947699330452,270.9750115009524,261.677729624761,268.74365234375,371694700
2019-10-18,SPY,268.42614651152667,272.33564398394304,268.0996183355658,270.2765808105469,246118100
2019-10-25,SPY,271.59179224199676,274.1134552290327,270.7573472991516,273.5692138671875,202654000
2019-11-01,SPY,274.78461687497287,277.73262829214644,273.6871238914147,277.6872863769531,276271100
2019-11-08,SPY,279.23837720396307,280.8710069278483,277.6147249920431,280.2271423339844,253331600
2019-11-15,SPY,278.8482442851561,282.85756726611123,278.7121632148485,282.8122253417969,249443100
2019-11-22,SPY,282.5763929760045,283.62852223373176,280.3358983899287,282.05938720703125,295953800
2019-11-29,SPY,282.984501675249,286.1592712402344,282.984501675249,285.09796142578125,167253500
2019-12-06,SPY,285.3519574335292,286.00512673721744,278.5852653796921,285.60601806640625,288425500
2019-12-13,SPY,285.2157757847305,289.0526914993744,283.73744911072475,287.8281555175781,318810900
2019-12-20,SPY,289.55159690245364,293.48183740439526,287.76468819631657,292.3515625,424433000
2019-12-27,SPY,293.1354754488179,295.1499823509916,292.5065255951328,294.29315185546875,146700000
2020-01-03,SPY,294.37524973919426,296.1434618086508,291.82290156546304,293.88299560546875,243667300
2020-01-10,SPY,292.1328420420894,298.48608887965315,292.01434006994486,296.89093017578125,265948900
2020-01-17,SPY,297.5108322451486,302.7884890679203,297.0824170116794,302.578857421875,331872500
2020-01-24,SPY,301.62178693577914,303.4904184768439,298.3949910655985,299.68023681640625,266198700
2020-01-31,SPY,294.44811064824233,299.55259115613137,292.35163365596884,293.2631530761719,391122800
2020-02-07,SPY,294.73969916272614,304.6206410029242,294.62119723191876,302.8067626953125,312106400
2020-02-14,SPY,301.9226265793127,308.20290257264736,301.88615800893024,307.7289123535156,260011300
2020-02-21,SPY,306.73540821888315,309.07801894449966,303.15315143324005,303.9735412597656,293992500
2020-02-28,SPY,294.5483849080448,304.0464012409805,260.27526361074985,270.0467529296875,1244104700
2020-03-06,SPY,271.82421045255126,286.07126116142535,264.55029623787203,271.14056396484375,1130490100
2020-03-13,SPY,250.94124687205388,262.9915202948296,225.7650981762707,245.49038696289062,1562964500
2020-03-20,SPY,219.84020754106757,234.1692913616769,207.84463580030425,209.78199768066406,1523388400
2020-03-27,SPY,209.22271174158334,240.95586078896224,200.1180920586079,232.35557556152344,1342924000
2020-04-03,SPY,234.44599998225482,241.4417807834727,223.62687128450554,227.56027221679688,869026800
2020-04-10,SPY,236.40815247528656,257.8265049685233,227.54193143111638,255.07586669921875,733262100
2020-04-17,SPY,254.10400102631928,263.4194774380583,248.8502713568677,262.8143615722656,649240600
2020-04-24,SPY,259.1191971166025,262.95177313986176,249.40949178866583,259.44940185546875,509219500
2020-05-01,SPY,261.4206455682229,270.36939668055743,258.11990791498647,259.28436279296875,549993900
2020-05-08,SPY,257.4046969992286,268.5997890049133,255.92853469244014,268.1321716308594,385778500
2020-05-15,SPY,266.20670188943353,269.7826144420416,250.29888679853764,262.4842224121094,553230300
2020-05-22,SPY,268.69156570778057,273.110923020854,267.6829053984864,270.8828430175781,443006900
2020-05-29,SPY,276.83335693039163,281.3352756373356,270.90114681308035,279.02471923828125,403264800
2020-06-05,SPY,278.3828651183529,294.565835177491,277.8694149921172,292.7962646484375,448912200
2020-06-12,SPY,293.60307791418927,296.52792499363557,273.78014897594073,278.923828125,650043700
2020-06-19,SPY,273.24841147874247,289.5169641791191,272.07480686820895,284.2309265136719,573187400
2020-06-26,SPY,283.6323733290194,289.627527981212,275.7400992165521,276.32025146484375,493363100
2020-07-03,SPY,277.57281410406017,290.7326525675876,275.28893626284633,287.5370788574219,334908800
2020-07-10,SPY,291.34952382314395,292.74015643400605,286.109604655345,292.47308349609375,340167000
2020-07-17,SPY,294.8122566026346,297.4920997478603,287.32516922126496,296.2765197753906,401248400
2020-07-24,SPY,296.0094126786261,301.35068608523807,294.00183516323403,295.5029296875,320898500
2020-07-31,SPY,296.1936780663919,300.7981535361253,294.36099738513786,300.69683837890625,301090700
2020-08-07,SPY,302.35455324026356,308.3957411535914,301.8112172413089,308.1102600097656,238681200
2020-08-14,SPY,308.56154419446693,311.526829875344,305.7526617595523,310.20068359375,256734100
2020-08-21,SPY,311.2137224910681,312.8529073408649,308.7087997728297,312.63189697265625,239583500
2020-08-28,SPY,315.0631784958775,322.9830369399693,312.60435318835533,322.8540954589844,244465300
2020-09-04,SPY,322.64223722364346,330.3779287745175,308.386489496312,315.4775390625,477715300
2020-09-11,SPY,310.0809258509965,315.54196689159204,304.8225388111135,307.6405334472656,381177300
2020-09-18,SPY,310.79933901286097,315.92880641145365,303.2412847248806,305.7192077636719,398023800
2020-09-25,SPY,301.142417821237,306.22771947563723,295.6872430633771,303.9440002441406,403925800
2020-10-02,SPY,308.0954761934487,313.19912304877136,306.21842407966096,308.6686096191406,398099500
2020-10-09,SPY,310.7212096486976,321.15999312657567,309.1678726905185,320.69769287109375,297612700
2020-10-16,SPY,323.23113221465513,327.32710625079835,317.2581758442864,321.1044921875,361231500
2020-10-23,SPY,322.3619272638812,322.9906487706289,314.9651464132425,319.7083435058594,296595700
2020-10-30,SPY,316.333536423992,317.11945239999403,298.27613900813606,301.9190673828125,495446400
2020-11-06,SPY,305.30316162109375,325.63504398286517,302.56632324038145,323.7581787109375,463334900
2020-11-13,SPY,336.5268178489835,336.90590740925865,324.0817422973662,331.0994567871094,446943600
2020-11-20,SPY,333.7622800304141,335.42654955095253,327.44731451105605,328.5383605957031,341601600
2020-11-27,SPY,330.341330114274,336.720977715475,328.11303908751194,336.24945068359375,199491500
2020-12-04,SPY,335.47285766997896,341.9635009765625,332.08884395768695,341.9635009765625,317663000
2020-12-11,SPY,341.1960744141505,343.0730024150456,335.8703871356922,338.68115234375,280935500
2020-12-18,SPY,340.8447147774003,344.62830083764095,336.98911858351033,342.799072265625,392163800
2020-12-25,SPY,338.88995381488303,351.4159755487242,336.1600382375715,342.63189697265625,216995000
2021-01-01,SPY,345.1760839492796,347.8874694685123,344.3312127444676,347.1632080078125,220656900
2021-01-08,SPY,348.49106429337866,354.22941562712896,338.75066866047587,354.015869140625,425078700
2021-01-15,SPY,350.8495752953006,353.89520462901476,346.9960962553196,348.8531799316406,306035100
2021-01-22,SPY,351.3045309935299,357.44218304043847,349.82815280679114,355.5200500488281,213770000
2021-01-29,SPY,356.2535985157263,358.2778450349725,341.9541263228981,343.6255187988281,457381600
2021-02-05,SPY,347.01462699809997,360.71055297183676,343.9133009262217,360.0048522949219,288507800
2021-02-12,SPY,361.45341690524697,364.8241042599518,359.81000170472225,364.58270263671875,226577300
2021-02-19,SPY,365.80828939947554,366.0033035639086,360.03283114692755,362.15911865234375,246216800
2021-02-26,SPY,359.4013902770424,364.2020215283774,351.20243572701213,353.1802062988281,546504300
2021-03-05,SPY,358.0364901808045,362.9856346855263,345.306129482108,356.2164611816406,640356900
2021-03-12,SPY,357.1728776946545,367.37759240388004,354.1644114525265,365.90118408203125,497580800
2021-03-19,SPY,366.15180845909873,369.67102984650717,360.662312193328,362.8329162597656,474082600
2021-03-26,SPY,363.3453133880508,369.2888795951097,357.6347344917859,368.8883056640625,492591500
2021-04-02,SPY,367.4163456691813,373.25736766767085,365.9351320456119,373.2014465332031,396786900
2021-04-09,SPY,375.8564897892532,383.5048037222059,375.7819756542243,383.33709716796875,328509800
2021-04-16,SPY,382.74090909191403,389.31780345743056,382.1353857837753,388.7122802734375,317182900
2021-04-23,SPY,387.78073043129933,389.6345741269456,382.4987247820928,388.2278747558594,397935300
2021-04-30,SPY,388.8800074072831,391.9355879172904,387.81805725394884,388.74951171875,318795700
2021-05-07,SPY,390.73390277771705,393.8919265936675,383.50486428784126,393.23980712890625,371936900
2021-05-14,SPY,393.59381081117,393.81738162988034,376.35959057471223,388.0788269042969,522147000
2021-05-21,SPY,386.97025720812496,389.58799485674376,377.5985000735296,386.551025390625,386007400
2021-05-28,SPY,388.7869166152356,392.42933147222897,388.54469589363157,391.3021240234375,267144600
2021-06-04,SPY,393.65904356804924,393.9850945840739,387.7993252155161,393.6869812011719,217391300
2021-06-11,SPY,393.67771179486715,395.5780709347275,391.56296032167944,395.2799072265625,243716500
2021-06-18,SPY,395.3917787091995,396.3512876197017,387.591438170524,387.79705810546875,383879100
2021-06-25,SPY,389.5540649639203,399.17141131218983,388.7409408172673,398.7227783203125,283207500
2021-07-02,SPY,399.24617251742296,405.7231756894549,398.04984647065635,405.3680114746094,265096700
2021-07-09,SPY,405.42417215788606,407.349473214676,399.57330096190816,407.0503845214844,306093700
2021-07-16,SPY,406.9662269112006,409.29349840963926,402.7510563008199,403.1435852050781,300932400
2021-07-23,SPY,398.33031422579336,411.5179109011736,394.38617099707693,411.18145751953125,423964700
2021-07-30,SPY,410.59261588453984,412.91985138960683,407.4896830394306,409.8449401855469,279975200
2021-08-06,SPY,411.55528082300833,413.9853230057107,407.5924735593852,413.5647277832031,249469100
2021-08-13,SPY,413.5366870620658,416.7892817139917,412.46186747322616,416.7705993652344,206975900
2021-08-20,SPY,415.47142121296486,417.8827560853764,407.6111793930043,414.3778991699219,420586700
2021-08-27,SPY,416.0601886079049,421.19138203158167,414.4526227295589,420.8175354003906,269312100
2021-09-03,SPY,421.4904164695936,424.3691375142071,421.2474033554113,423.4625549316406,246050500
2021-09-10,SPY,423.1166526229062,423.21012139664674,416.2004843859975,416.3219909667969,255772000
2021-09-17,SPY,419.31278639177305,419.57448188147487,413.5113432060983,413.8676452636719,436939600
2021-09-24,SPY,407.7543373535724,417.1399803704705,402.10981691745377,416.2210998535156,499812500
2021-10-01,SPY,415.1896841659372,416.3523298980062,400.58156466232106,407.154296875,543882700
2021-10-08,SPY,405.9916262485337,414.1301397145414,399.7657824946463,410.5484619140625,479279600
2021-10-15,SPY,409.8921372238028,418.42449481685196,404.62270437794365,418.0588073730469,345885500
2021-10-22,SPY,416.27735526871015,426.30996431243693,415.621006350095,424.85662841796875,258932100
2021-10-29,SPY,425.9442668817109,430.8949094853391,424.17217058163135,430.604248046875,295327900
2021-11-05,SPY,431.5887642564896,441.29318025230174,429.61977470154915,439.305419921875,269089500
2021-11-12,SPY,440.4024399467041,440.8993800137787,433.2202253751318,438.1240234375,259299200
2021-11-19,SPY,439.40862530276064,441.56518650102726,437.14894545673525,439.64306640625,251637500
2021-11-26,SPY,441.5182563851529,444.0029569483632,429.21657442443677,430.34173583984375,320496900
2021-12-03,SPY,435.1236653350825,437.4583425612124,420.9186571741517,425.1379699707031,631737000
2021-12-10,SPY,427.6789180869,441.52755637554407,425.2692148441158,441.3775329589844,405133400
2021-12-17,SPY,440.8619411504924,443.37466871193504,430.9974086651927,432.7004699707031,553968300
2021-12-24,SPY,427.62896667138153,444.29265848850883,424.4863000014907,442.7966003417969,292271000
2021-12-31,SPY,444.17025861450196,450.70028317333333,444.12322414632985,446.8988952636719,279152600
2022-01-07,SPY,448.15978126090016,451.6223622300133,437.19799187206786,438.55291748046875,420356300
2022-01-14,SPY,435.36331312046167,445.2429369205549,429.6237004184561,437.263916015625,448334500
2022-01-21,SPY,432.5781593461344,432.7851627070061,412.07556385655806,412.1037902832031,543717600
2022-01-28,SPY,406.5052754832323,417.8056196605589,395.90112761933347,415.8391418457031,920508000
2022-02-04,SPY,415.17116710249303,431.05378191741363,413.82565957531546,422.19036865234375,629246600
2022-02-11,SPY,422.95254768054906,430.82808779311625,413.00703862428105,414.4372253417969,551393100
2022-02-18,SPY,413.9291255162954,421.588211390658,406.30766852315804,408.5752868652344,531254600
2022-02-25,SPY,406.37352124987865,411.9719473256861,386.3790300752348,411.88726806640625,592717200
2022-03-04,SPY,406.5052626502716,415.04879163986294,401.8759236906789,406.6370544433594,620607300
2022-03-11,SPY,406.0536235461076,406.7593128666358,390.5942582446802,395.2519226074219,609269100
2022-03-18,SPY,396.0234396841189,419.87763507524926,391.2247467020312,419.5567321777344,555925500
2022-03-25,SPY,419.3867810928451,427.5416361124458,415.93231566706595,427.2679138183594,384264500
2022-04-01,SPY,426.67326991890525,436.1211874892994,423.9172632927216,427.4849853515625,445526900
2022-04-08,SPY,427.683210068739,432.119225743506,418.5657201739074,422.43548583984375,398083400
2022-04-15,SPY,419.1697603481383,420.71762892299597,412.12865978994853,413.2047424316406,346074000
2022-04-22,SPY,412.2796514632989,424.73842874926703,401.5481909244776,402.114501953125,426937000
2022-04-29,SPY,399.87763849644267,405.51237307337215,388.11730223189977,388.8629455566406,596614200
2022-05-06,SPY,388.92904179526005,405.53118526756083,382.2749373532382,388.2400207519531,727288500
2022-05-13,SPY,382.35045035687074,383.5868812355381,363.520899651629,379.1602478027344,659709500
2022-05-20,SPY,377.51804786382434,385.62560898408395,359.1697150107811,367.7492370605469,509269500
2022-05-27,SPY,370.7694822124612,392.0531368146943,365.22917116715337,391.93988037109375,426273600
2022-06-03,SPY,390.3259612932842,393.99752849345634,384.07772451690533,387.4849853515625,334006700
2022-06-10,SPY,391.48690467497266,393.21412339545446,367.86248738155257,367.90966796875,400315000
2022-06-17,SPY,358.5184050405398,362.3409474596305,343.3079900767023,346.8057861328125,645270700
2022-06-24,SPY,352.5216653163301,369.7738317116263,350.9007792220965,369.76434326171875,344213700
2022-07-01,SPY,370.683832618729,372.68398100101825,353.1568557172421,361.3847351074219,405582500
2022-07-08,SPY,356.3038638558327,370.29519752923926,353.47905430233544,368.42779541015625,288787900
2022-07-15,SPY,365.7546185718872,366.72148571389,351.715979081912,365.07220458984375,373575900
2022-07-22,SPY,368.1529456840062,379.33827161369254,360.83500666975766,374.51336669921875,350654600
2022-07-29,SPY,375.13906335562353,391.5190777399874,369.64114957187473,390.5332336425781,349890300
2022-08-05,SPY,387.8411758992656,394.03103437189844,385.63251176391105,391.9361572265625,303725000
2022-08-12,SPY,393.62347746477167,404.9605804756404,388.85551266726645,404.8563232421875,288667800
2022-08-19,SPY,402.6476112740378,409.24522847882577,399.28256461046794,400.1546630859375,293940800
2022-08-26,SPY,395.3297635768896,398.0882155528186,384.1443295439162,384.2012023925781,330007900
2022-09-02,SPY,381.2531987151374,384.70361032886984,369.7263802950117,371.811767578125,405425100
2022-09-09,SPY,372.6555609471726,386.2865601335256,368.19086864195987,385.4239501953125,305130200
2022-09-16,SPY,387.49046061347366,390.2868341942052,363.69734233012485,366.9811096191406,467945700
2022-09-23,SPY,363.84011191988435,370.5504007332188,345.78421269474035,350.21966552734375,469119500
2022-09-30,SPY,348.75394084213934,354.36008362291216,339.83535868204586,339.9685974121094,578341000
2022-10-07,SPY,343.6807182327434,361.1749817964111,341.90083208876825,345.3083190917969,471548000
2022-10-14,SPY,346.42189898919605,352.41831529855494,331.3356839052994,340.39691162109375,516508900
2022-10-21,SPY,346.46954168027236,357.35823847132036,340.06382821256403,356.254150390625,489399500
2022-10-28,SPY,357.7770190393889,370.75032073120525,355.13095089201244,370.2744140625,450644300
2022-11-04,SPY,367.81862838081696,371.57831700264165,351.0192668219738,358.21490478515625,499634600
2022-11-11,SPY,359.50936758378657,380.10658743180727,355.60684528454624,379.30706787109375,466719200
2022-11-18,SPY,377.5461835918774,382.9239582221826,371.3404174691277,376.9465637207031,401025300
2022-11-25,SPY,375.6235663390515,383.51406095455076,373.73896579052973,382.94293212890625,210479200
2022-12-02,SPY,379.8590951809206,390.2433795179694,374.34809818392904,387.3022766113281,426499200
2022-12-09,SPY,384.48497335823737,385.4177317516839,372.76815579992063,374.3291015625,363375500
2022-12-16,SPY,375.11908962319546,390.70977956297014,364.3442912550409,366.4765625,544863500
2022-12-23,SPY,366.66780330486046,370.435266494614,358.3490843681481,366.1324157714844,392450900
2022-12-30,SPY,366.01770849733794,367.50926042450396,359.9267751898031,365.6733703613281,273542800
2023-01-06,SPY,367.52838265402187,372.1946147969525,361.2749320892196,371.07586669921875,341944900
2023-01-13,SPY,373.2655401902277,381.6130534140989,369.34515816722075,381.0393371582031,362278900
2023-01-20,SPY,381.0201896884126,382.6935115955875,370.2918200719056,378.5340881347656,341074900
2023-01-27,SPY,379.3372757234957,390.2760095744735,376.31573073269413,387.9046630859375,369137600
2023-02-03,SPY,385.1509087422322,399.9813013244029,382.7413355345612,394.2824401855469,458864300
2023-02-10,SPY,391.834637420615,398.24104381969875,387.26404936045475,390.1612854003906,376978100
2023-02-17,SPY,390.81149214644563,396.864100329501,386.34609496505783,389.41546630859375,380547800
2023-02-24,SPY,385.39950609313314,386.4513142893378,376.3922419822525,379.0121765136719,370835000
2023-03-03,SPY,382.3492272761536,386.7285670881584,375.13961830151106,386.4799499511719,451837900
2023-03-10,SPY,387.3022850157021,389.59714976739536,367.4806474809918,369.0009765625,557051400
2023-03-17,SPY,365.0805347641921,379.0982086417623,363.9713580532645,374.3253479003906,764346900
2023-03-24,SPY,375.10277090610924,386.3232727268631,373.759117042927,379.85406494140625,523360300
2023-03-31,SPY,382.1288028794633,393.24368242982905,377.87679777551904,392.9461364746094,396282600
2023-04-07,SPY,392.42779542260035,395.3744932102715,389.3850962213968,392.7541198730469,262936100
2023-04-14,SPY,390.2777272293107,398.41721916409074,389.66344926995697,395.8928527832031,373375600
2023-04-21,SPY,395.8064701519047,399.0218673008723,393.6947893230702,395.64324951171875,334521500
2023-04-28,SPY,395.4417228843057,399.23302689490464,387.56141271088387,399.2234191894531,424947300
2023-05-05,SPY,398.781880454679,400.845515871164,387.5230869408355,396.0560302734375,440446300
2023-05-12,SPY,396.3823322476967,397.88927136463667,392.44700411687967,395.0577392578125,336048400
2023-05-19,SPY,395.66246936913564,403.82098374117817,393.75241054660967,401.8053283691406,400252400
2023-05-26,SPY,401.8246282749285,403.8689837488059,393.4164298740769,403.14910888671875,421134200
2023-06-02,SPY,405.0783704702366,411.5188218630449,399.50184266738273,410.7317810058594,363319000
2023-06-09,SPY,411.0774511286256,414.63834160760314,408.71617349799953,412.6322937011719,362551300
2023-06-16,SPY,413.6113761039967,427.3732818174655,412.89150113320926,423.37518310546875,497085000
2023-06-23,SPY,421.4386947666536,422.3250049416328,416.6410372408123,417.35394287109375,315854400
2023-06-30,SPY,416.7855154988048,428.0380149404403,415.40786249787595,427.05535888671875,394119600
2023-07-07,SPY,426.70853977944085,427.82605633249915,421.06296794825374,422.4983825683594,258004300
2023-07-14,SPY,422.1419696202549,434.83958003816,421.5735680037754,432.8357238769531,361072800
2023-07-21,SPY,432.6912196663996,439.7239627832137,432.6430320958501,435.6296081542969,341107300
2023-07-28,SPY,436.7760157789645,442.62382369326946,435.0225951669556,440.19610595703125,352473700
2023-08-04,SPY,440.66814456102355,441.39069349037516,429.93584177835424,430.4560852050781,375670300
2023-08-11,SPY,432.28655130575453,435.16716703483127,427.1227874459535,429.3385925292969,370204800
2023-08-18,SPY,428.4233935882657,431.70855712890625,417.1612467523088,420.52349853515625,398245400
2023-08-25,SPY,421.53502982303786,428.924390605147,419.0783330051314,423.8664245605469,392996600
2023-09-01,SPY,426.05339622552776,437.06505085275637,423.8664919427265,434.6758117675781,338759900
2023-09-08,SPY,434.23266409054196,434.55057269413254,426.5447585365695,429.2132873535156,257939800
2023-09-15,SPY,431.8338284325165,434.5698383708397,428.21370176743056,428.64874267578125,383224500
2023-09-22,SPY,428.3393267614431,430.1955896700722,415.7130085528767,416.1287536621094,409754900
2023-09-29,SPY,414.920205158679,417.9172517040119,408.2686420542666,413.2862854003906,479118300
2023-10-06,SPY,412.454856073705,416.81515765208843,406.22867088652805,415.2779541015625,458428200
2023-10-13,SPY,413.3829806224,422.8189751332802,412.8319288458573,417.1728210449219,397730700
2023-10-20,SPY,419.4157827397426,423.59235858221746,407.0987761718527,407.20513916015625,489560600
2023-10-27,SPY,405.67766734824943,410.7146385432617,395.6229054415524,397.0440979003906,487347000
2023-11-03,SPY,399.82851071417565,421.8037777300333,398.53300645045545,420.25689697265625,459402700
2023-11-10,SPY,421.0109973746679,426.28975929301595,419.00978765036695,425.9803771972656,366470400
2023-11-17,SPY,424.64619358239656,436.43144390959674,423.86309048956497,435.8223571777344,376539600
2023-11-24,SPY,435.57099160312566,441.22675482120695,435.5613141930735,440.1826171875,208313100
2023-12-01,SPY,439.55417048077294,444.3882328932358,438.28766732031204,443.85650634765625,344703100
2023-12-08,SPY,440.4726232624604,445.4516788944759,439.225482586349,444.9199523925781,361538900
2023-12-15,SPY,444.42680041904015,458.0007521228424,444.2141039538438,455.5863952636719,487187500
2023-12-22,SPY,457.18810894495897,461.96405036999886,454.1206728290634,459.7799072265625,382886000
2023-12-29,SPY,460.1876248035588,463.5657286208665,459.4402073535901,461.391357421875,322828500
2024-01-05,SPY,458.333531951908,459.7993234289346,452.77132456262234,454.21771240234375,397560700
2024-01-12,SPY,454.71278328613425,464.5850109920546,454.5865853845721,462.7212219238281,344088200
2024-01-19,SPY,461.3428140279713,468.58434205067863,456.110630489601,468.3028259277344,356549500
2024-01-26,SPY,469.8365065894946,474.79691054106985,468.64251461985964,473.1369934082031,356721800
2024-02-02,SPY,473.4475958586122,481.5239798187347,468.7201602163353,479.873779296875,437072100
2024-02-09,SPY,479.2428126687566,486.9599980744067,475.87442477356564,486.523193359375,318555200
2024-02-16,SPY,486.4940393494017,488.7557959365899,476.3500701317823,484.8826904296875,375205200
2024-02-23,SPY,483.14510603430045,495.1916873577398,479.106944807319,492.97845458984375,268754400
2024-03-01,SPY,493.41526570907337,498.2591489639279,489.9692025931845,497.83203125,316517400
2024-03-08,SPY,497.03607301464484,503.04473579557066,490.1245478315941,496.735107421875,336221900
2024-03-15,SPY,495.5314219659159,502.22937893995004,493.6093924281333,496.4381408691406,408593800
2024-03-22,SPY,500.4985887866016,510.3430798516799,497.6942371868493,507.5191955566406,358570100
2024-03-29,SPY,506.14624650613894,510.8298490860622,504.7830162330491,509.330322265625,293270500
2024-04-05,SPY,510.07035956686866,510.605900605306,499.2911933332161,504.81219482421875,367268200
2024-04-12,SPY,505.51336185898396,507.07135533197885,495.70784003413945,497.4313659667969,361763900
2024-04-19,SPY,501.5989207934361,501.7644387082916,480.8876330360681,482.15350341796875,418256400
2024-04-26,SPY,484.7533503648902,496.4868049205615,482.41639776348796,494.90936279296875,321951200
2024-05-03,SPY,496.69128964862307,499.08665465274976,486.4281553313073,497.8597717285156,339448700
2024-05-10,SPY,500.25510463599915,508.9117342857,499.8169130959195,507.1590270996094,237750100
2024-05-17,SPY,508.8337028193061,517.5584758697495,506.08776976766853,515.5427856445312,263189600
2024-05-24,SPY,515.6596602461204,519.0676954201629,510.93699174891134,515.5330200195312,218093500
2024-05-31,SPY,516.3413100648252,516.5749964273494,504.7441141188356,513.5174560546875,218623300
2024-06-07,SPY,515.1240809646227,522.787325920015,508.87267437322015,519.9829711914062,203111800
2024-06-14,SPY,519.1747616812378,529.8274041983666,518.0744503489441,528.5225219726562,220171600
2024-06-21,SPY,527.8410283318889,535.669816103357,527.3833430672393,531.9177856445312,231882700
2024-06-28,SPY,531.7418545665156,537.554375472948,529.8955424418219,531.6344604492188,233201500
2024-07-05,SPY,533.0118486999152,542.213968717536,529.973784394742,541.8134765625,155010900
2024-07-12,SPY,542.5949332840256,550.6345006536228,541.3738407022457,547.0396118164062,208240000
2024-07-19,SPY,549.0325043663784,552.090169461466,535.2390876445896,536.2941284179688,255958100
2024-07-26,SPY,540.2112543695183,543.8647752379528,525.0209792890996,531.849365234375,267223700
2024-08-02,SPY,533.3928583100442,542.0381046138815,516.3756265717791,520.5762329101562,311250600
2024-08-09,SPY,499.80782241877216,522.1489300560904,498.4694800108966,520.6640625,410688200
2024-08-16,SPY,521.8559471668351,542.1847520674191,518.6713279832952,541.4911499023438,242599600
2024-08-23,SPY,541.9013070349608,550.1559376249218,541.0514314058853,549.1302490234375,221129600
2024-08-30,SPY,550.1559102385648,551.1523417216108,542.204174863817,550.6443481445312,210963800
2024-09-06,SPY,547.508549729637,547.8407131286382,526.9649400293706,527.8636474609375,220583100
2024-09-13,SPY,532.0544335310877,550.0094311099382,527.4730091477311,549.0130004882812,243219100
2024-09-20,SPY,548.7491943236346,559.6315971955383,546.9517795427174,556.8114013671875,297840600
2024-09-27,SPY,557.8794446150124,563.1413674659622,556.1743944512203,559.9664916992188,219788100
2024-10-04,SPY,558.9376557740085,562.8179640810873,553.8913563966638,561.446044921875,258109600
2024-10-11,SPY,559.7999074826037,568.6481717987969,555.2239297880301,567.9132690429688,211681700
2024-10-18,SPY,569.5202272995722,574.3215715502484,566.8941634738084,572.8224487304688,192956700
2024-10-25,SPY,572.0973176864316,573.0771881011084,562.8571411229607,567.3840942382812,202185500
2024-11-01,SPY,570.8529569215461,571.5780244818477,556.9975564307639,559.545166015625,220360200
2024-11-08,SPY,559.6823223393656,587.5695056932594,556.4585705161212,586.148681640625,239555400
2024-11-15,SPY,587.7360663213191,588.0888053142032,572.1070761341368,573.9590454101562,242874400
2024-11-22,SPY,574.4195885423085,584.1497754660484,572.2737337790142,583.5226440429688,221423000
2024-11-29,SPY,587.451946771504,591.2046605649765,583.2188992835091,590.4207763671875,152240300
2024-12-06,SPY,590.8324390421951,596.8097196143469,590.2151351783115,595.5750732421875,161443900
2024-12-13,SPY,595.4573535867661,596.1825011825678,590.0092751663215,592.0475463867188,168103400
2024-12-20,SPY,593.8014244521054,595.54562235978,571.132257605004,581.199951171875,419353600
2024-12-27,SPY,580.9443313472664,592.3391499159457,577.7686569320756,584.9949951171875,196984300
2025-01-03,SPY,577.9948725430215,582.6255346471705,570.7291685588775,581.9865112304688,201724000
2025-01-10,SPY,586.2338281568046,589.6060884935793,568.8120114375996,570.7193603515625,228482200
2025-01-17,SPY,566.0788468496604,589.2717368825727,565.6658729466735,587.521728515625,254621200
2025-01-24,SPY,590.5595911538271,600.4995770008244,588.5932548694913,597.73681640625,166485700
2025-01-31,SPY,584.7982497398433,599.6933732210748,584.6311279551505,591.6903686523438,257820000
2025-02-07,SPY,582.6943625959686,597.8941858585465,580.5510628181718,590.6580810546875,216528100
2025-02-14,SPY,593.8631663388722,600.7060096863363,588.436003976824,599.437744140625,169013200
2025-02-21,SPY,600.5978525430173,602.9082197102092,589.3799206723878,589.842041015625,170833900
2025-02-28,SPY,591.8869960824046,592.8800056614799,572.6365684069419,584.178955078125,315266100
2025-03-07,SPY,586.1452445030724,587.2857532860544,556.1095373006934,566.226318359375,416381600
2025-03-14,SPY,558.0364891964213,559.9536192631458,540.4279077137791,553.3369140625,393756600
2025-03-21,SPY,553.3173439083719,561.3399385264869,549.6500559715837,556.1552734375,328327300
2025-03-28,SPY,562.880651498493,568.4127846067184,547.3688420558537,547.9506225585938,262797700
2025-04-04,SPY,542.201546342058,559.547472787333,498.0527654446422,498.26971435546875,569903400
2025-04-11,SPY,482.40291724281104,541.0084228515625,475.115432610906,526.5320434570312,924492800
2025-04-18,SPY,536.5017912856171,536.7286411738348,513.0713913810127,519.1064453125,288279800
2025-04-25,SPY,513.9293002870572,543.4046513367819,501.40552056556845,543.0003662109375,361176900
2025-05-02,SPY,543.7400050325934,560.4941864598073,534.0069337400583,558.8966674804688,312393800
2025-05-09,SPY,554.7648727126054,562.3974366423718,548.3253535066884,556.51025390625,245246100
2025-05-16,SPY,573.4026196086874,586.2518193704545,569.0340889310521,585.9559936523438,360544500
2025-05-23,SPY,579.9405744991373,587.2773530559552,567.6140667399493,571.0753784179688,370870100
2025-05-30,SPY,577.9387671986972,584.969968506741,570.4047514802384,581.212646484375,301608500
2025-06-06,SPY,579.6053591727813,592.4940086999786,576.9428072484826,590.8274536132812,341418300
2025-06-13,SPY,591.3993476813894,596.6652176797484,587.2181715759101,588.7171020507812,346556600
2025-06-20,SPY,592.0700235861916,596.0638215052488,586.3629131433069,587.7673950195312,332849900
2025-06-27,SPY,588.5190130228361,609.6350865938839,585.4035696790836,608.1712646484375,382082900
2025-07-04,SPY,610.6142201701539,619.4167005776212,608.2998373553096,618.4869995117188,280108800
2025-07-11,SPY,616.5287360860043,620.000273214104,611.0989093087613,616.7858276367188,321151600
2025-07-18,SPY,616.3308874637725,622.5717567026577,611.2769051241828,620.7025146484375,349710600
2025-07-25,SPY,621.8793334960938,630.5928838363332,619.3276609031153,630.1181030273438,322104800
2025-08-01,SPY,630.4938993278172,632.8378839877031,612.5032535330552,614.9066162109375,439381100
2025-08-08,SPY,618.813325728958,630.6620853000642,618.7243458354196,630.1972045898438,343884300
2025-08-15,SPY,630.474150672182,639.10849531226,627.7047873460086,636.388671875,311485900
2025-08-22,SPY,635.8150025688236,639.4150594466402,626.013578858981,638.2380981445312,341334900
2025-08-29,SPY,636.9821233404259,642.362454403162,634.5390979794016,637.9810180664062,287238700
2025-09-05,SPY,630.5136938017484,645.0625384730564,627.9619508913343,640.14697265625,303202500
2025-09-12,SPY,641.5118841129237,651.8868873722256,640.1272219983028,650.2055053710938,350016000
2025-09-19,SPY,652.4110731340584,659.0895125014193,647.1295902463727,658.2465209960938,415298400
2025-09-26,SPY,656.7588293222589,661.856628548307,649.0328388399253,656.3818969726562,378044600
2025-10-03,SPY,658.9010899003678,667.1527626006609,656.173598681204,663.7113037109375,359722800
2025-10-10,SPY,666.1014192164715,668.4122493878771,647.4757221413303,647.6542358398438,413270100
2025-10-17,SPY,655.2216030747315,664.7228272522149,647.8030207789583,658.9308471679688,457106900
2025-10-24,SPY,661.8367798071084,672.8951271271609,657.8497201766941,671.6851806640625,337267400
2025-10-31,SPY,677.1201116013259,684.0328379014793,673.6588524169174,676.4556884765625,374234900
2025-11-07,SPY,680.0359699637585,680.1649066224819,655.7769731606511,665.4567260742188,395772100
2025-11-14,SPY,671.6751969912248,679.3318048264125,657.8199984349773,666.4088134765625,397413300
2025-11-21,SPY,664.1972328051172,670.0090710879778,645.5020288545189,653.6148681640625,588876300
2025-11-28,SPY,657.2448196444445,678.0523870500939,656.1538823239337,677.7747192382812,282606600
2025-12-05,SPY,673.2323336611282,682.7336127271673,673.1629015749381,680.0557861328125,322604800
2025-12-12,SPY,680.9484564225444,683.5865617528303,673.5893968987631,676.1581420898438,398546900
2025-12-19,SPY,680.1054404790556,680.1252955149479,665.6848710067972,676.9923095703125,535716400
2025-12-26,SPY,680.3245290528953,688.0037280321676,676.9922622536055,686.660888671875,215455600
2026-01-02,SPY,683.9055083361335,685.5567672531378,676.2263268834449,679.55859375,273242200
2026-01-09,SPY,682.910839643419,691.6344363504869,682.7517121374489,690.4010009765625,360934000
2026-01-16,SPY,687.0289310253164,692.410366767912,682.4134005947378,688.0037231445312,394113600
2026-01-23,SPY,677.8874730475171,687.476610793547,672.9934983300664,685.5865478515625,379639600
2026-01-30,SPY,686.8399658941375,694.1510864943795,681.2098793986574,688.3121337890625,376473400
2026-02-06,SPY,685.9347490634862,693.2757257351432,672.2176206040476,686.96923828125,495134100
2026-02-13,SPY,685.7755337993461,693.4547952732178,673.9384983110481,678.1461181640625,430521300
2026-02-20,SPY,676.5446598627462,686.4122580979458,672.2077222570326,685.7855834960938,313608400
2026-02-27,SPY,684.1940214696967,690.0130676270821,676.4053697086953,682.3637084960938,375706200
2026-03-06,SPY,675.1122534180175,684.9797970984218,666.1200629162043,668.8256225585938,478956000
2026-03-13,SPY,662.8673051642795,679.7476047325034,657.863924887251,658.7890014648438,458697100
2026-03-20,SPY,664.8468199428278,670.8747480492216,643.063298812559,646.9034423828125,526103700
2026-03-27,SPY,656.3790129905765,660.9173090129275,631.4831091918358,632.4606323242188,522057800
2026-04-03,SPY,638.4651675144013,656.8278752918841,627.6630399662237,654.144775390625,418010200
2026-04-10,SPY,654.1746977251443,680.2774536083281,649.386996170508,677.7140502929688,302080200
2026-04-17,SPY,675.669302461078,710.5594650064761,674.8414790590384,708.3152465820312,296541000
2026-04-24,SPY,706.9587079747221,712.6340752101273,700.4754491270062,712.10546875,246362700
2026-05-01,SPY,711.3374146094498,723.0073446973263,706.5497524472755,718.7982177734375,228403200
2026-05-08,SPY,718.2196821209096,736.1834492768152,713.152718877996,735.724609375,241124400
2026-05-15,SPY,734.5576163199453,747.6040491923611,729.9494836014034,737.2706298828125,248127900
2026-05-22,SPY,737.9289136337939,747.015507083493,729.650306265128,743.7239990234375,232962000
2026-05-29,SPY,748.0827892360243,756.1320579864754,746.2973210478585,754.5361328125,179868200
2026-06-05,SPY,753.4189990020213,758.4461093852723,733.6400171295905,735.65478515625,270531700
2026-06-12,SPY,741.4498108327123,744.9807928982774,720.7332622187009,739.843994140625,340753900
2026-06-19,SPY,749.9179969688896,754.7356026867302,737.3204502885575,746.739990234375,294090400
2016-06-24,TSLA,14.633333206176758,14.916666984558105,12.648667335510254,12.876667022705078,734761500
2016-07-01,TSLA,12.723999977111816,14.549332618713379,12.524666786193848,14.433333396911621,444837000
2016-07-08,TSLA,13.982000350952148,14.654000282287598,13.866666793823242,14.45199966430664,266730000
2016-07-15,TSLA,14.663999557495117,15.166666984558105,14.633999824523926,14.69333267211914,277173000
2016-07-22,TSLA,14.642666816711426,15.319999694824219,14.553333282470703,14.817999839782715,241561500
2016-07-29,TSLA,14.817999839782715,15.685333251953125,14.758000373840332,15.652667045593262,244494000
2016-08-05,TSLA,15.699999809265137,15.775333404541016,14.760000228881836,15.335332870483398,287860500
2016-08-12,TSLA,15.199999809265137,15.435999870300293,14.894000053405762,15.040666580200195,157561500
2016-08-19,TSLA,15.067999839782715,15.300000190734863,14.81933307647705,15.0,141937500
2016-08-26,TSLA,14.944666862487793,15.232666969299316,14.588000297546387,14.666000366210938,201331500
2016-09-02,TSLA,14.676667213439941,14.69333267211914,13.079999923706055,13.185333251953125,354483000
2016-09-09,TSLA,13.267999649047852,13.766667366027832,12.91333293914795,12.964667320251465,227496000
2016-09-16,TSLA,13.0,13.713333129882812,12.896666526794434,13.69333267211914,236161500
2016-09-23,TSLA,13.800000190734863,14.01200008392334,13.437333106994629,13.829999923706055,189474000
2016-09-30,TSLA,13.766667366027832,14.066666603088379,13.303333282470703,13.60200023651123,197539500
2016-10-07,TSLA,14.153332710266113,14.378000259399414,13.053333282470703,13.107333183288574,294229500
2016-10-14,TSLA,13.423333168029785,13.609333038330078,13.08666706085205,13.100666999816895,215698500
2016-10-21,TSLA,13.136667251586914,13.77733325958252,12.800000190734863,13.339332580566406,378631500
2016-10-28,TSLA,13.399999618530273,14.24666690826416,13.321999549865723,13.33133316040039,423048000
2016-11-04,TSLA,13.499333381652832,13.499333381652832,12.397333145141602,12.704000473022461,357070500
2016-11-11,TSLA,12.906000137329102,13.166000366210938,12.027999877929688,12.570667266845703,390744000
2016-11-18,TSLA,12.533332824707031,12.866666793823242,11.879332542419434,12.334667205810547,359790000
2016-11-25,TSLA,12.336000442504883,13.149333000183105,12.247332572937012,13.109999656677246,258336000
2016-12-02,TSLA,13.031999588012695,13.289999961853027,12.0,12.097999572753906,325264500
2016-12-09,TSLA,12.167332649230957,12.922666549682617,12.167332649230957,12.812000274658203,282634500
2016-12-16,TSLA,12.853333473205566,13.533332824707031,12.745332717895508,13.499333381652832,306453000
2016-12-23,TSLA,13.499333381652832,14.229999542236328,13.322667121887207,14.22266674041748,317496000
2016-12-30,TSLA,14.325332641601562,14.920000076293945,14.112000465393066,14.246000289916992,275787000
2017-01-06,TSLA,14.324000358581543,15.354000091552734,14.064000129699707,15.267333030700684,428646000
2017-01-13,TSLA,15.264666557312012,15.856666564941406,15.038666725158691,15.850000381469727,317602500
2017-01-20,TSLA,15.779999732971191,16.57866668701172,15.624667167663574,16.315332412719727,304846500
2017-01-27,TSLA,16.389999389648438,17.230667114257812,16.366666793823242,16.863332748413086,340341000
2017-02-03,TSLA,16.8353328704834,17.05933380126953,16.47333335876465,16.755332946777344,248437500
2017-02-10,TSLA,16.733333587646484,18.07866668701172,16.708667755126953,17.948667526245117,347703000
2017-02-17,TSLA,18.049333572387695,19.159332275390625,17.610000610351562,18.148666381835938,489856500
2017-02-24,TSLA,18.363332748413086,18.89666748046875,16.68000030517578,17.133333206176758,562777500
2017-03-03,TSLA,16.544666290283203,16.989999771118164,16.134000778198242,16.771333694458008,429294000
2017-03-10,TSLA,16.527332305908203,16.926000595092773,16.200000762939453,16.246000289916992,262287000
2017-03-17,TSLA,16.321332931518555,17.71666717529297,16.185333251953125,17.433332443237305,443722500
2017-03-24,TSLA,17.373332977294922,17.65333366394043,16.682666778564453,17.54400062561035,353245500
2017-03-31,TSLA,17.373332977294922,18.799999237060547,17.316667556762695,18.553333282470703,380064000
2017-04-07,TSLA,19.126667022705078,20.325332641601562,18.972000122070312,20.16933250427246,630064500
2017-04-14,TSLA,20.610000610351562,20.915332794189453,19.68666648864746,20.266666412353516,430866000
2017-04-21,TSLA,20.18000030517578,20.610000610351562,19.860000610351562,20.373332977294922,325974000
2017-04-28,TSLA,20.614667892456055,20.98666763305664,20.390666961669922,20.937999725341797,367354500
2017-05-05,TSLA,20.992000579833984,21.8439998626709,19.384000778198242,20.55666732788086,655126500
2017-05-12,TSLA,20.726667404174805,21.799999237060547,20.38800048828125,21.65399932861328,469500000
2017-05-19,TSLA,21.225332260131836,21.34666633605957,20.354000091552734,20.722000122070312,432417000
2017-05-26,TSLA,20.85333251953125,21.69933319091797,20.23200035095215,21.676000595092773,397456500
2017-06-02,TSLA,21.733333587646484,22.992000579833984,21.71733283996582,22.656667709350586,464167500
2017-06-09,TSLA,22.566667556762695,25.124666213989258,22.28066635131836,23.821332931518555,803881500
2017-06-16,TSLA,23.865999221801758,25.616666793823242,23.374666213989258,24.760000228881836,784522500
2017-06-23,TSLA,25.0,25.799333572387695,24.520000457763672,25.56333351135254,493302000
2017-06-30,TSLA,25.779333114624023,25.796667098999023,23.606666564941406,24.107332229614258,509587500
2017-07-07,TSLA,24.682666778564453,24.75666618347168,20.420000076293945,20.881332397460938,852802500
2017-07-14,TSLA,20.860000610351562,22.206666946411133,20.208667755126953,21.851999282836914,749191500
2017-07-21,TSLA,21.702667236328125,22.110000610351562,20.89666748046875,21.893333435058594,490131000
2017-07-28,TSLA,22.016000747680664,23.166667938232422,21.752666473388672,22.33799934387207,504448500
2017-08-04,TSLA,22.366666793823242,23.81800079345703,20.74799919128418,23.79400062561035,791004000
2017-08-11,TSLA,23.823333740234375,24.666667938232422,23.516666412353516,23.857999801635742,481876500
2017-08-18,TSLA,24.308666229248047,24.51066780090332,23.053333282470703,23.163999557495117,321810000
2017-08-25,TSLA,23.05466651916504,23.777332305908203,22.123332977294922,23.203332901000977,357609000
2017-09-01,TSLA,23.152000427246094,23.895999908447266,22.583332061767578,23.69333267211914,275593500
2017-09-08,TSLA,23.586666107177734,23.69933319091797,22.770666122436523,22.893333435058594,231438000
2017-09-15,TSLA,23.42333221435547,25.333332061767578,23.333332061767578,25.320667266845703,456723000
2017-09-22,TSLA,25.350000381469727,25.974000930786133,23.392000198364258,23.4060001373291,470049000
2017-09-29,TSLA,23.543333053588867,23.83133316040039,22.360000610351562,22.739999771118164,468738000
2017-10-06,TSLA,22.834667205810547,24.00666618347168,22.0853328704834,23.79199981689453,481096500
2017-10-13,TSLA,23.309999465942383,23.985332489013672,22.844667434692383,23.704666137695312,399007500
2017-10-20,TSLA,23.583999633789062,24.200000762939453,22.95599937438965,23.00666618347168,354001500
2017-10-27,TSLA,23.325332641601562,23.329999923706055,21.110666275024414,21.391332626342773,462544500
2017-11-03,TSLA,21.278667449951172,22.173999786376953,19.5086669921875,20.4060001373291,706041000
2017-11-10,TSLA,20.46666717529297,20.55733299255371,19.753332138061523,20.19933319091797,398671500
2017-11-17,TSLA,20.0086669921875,21.777999877929688,19.94066619873047,21.003332138061523,581953500
2017-11-24,TSLA,20.91933250427246,21.215333938598633,20.316667556762695,21.036666870117188,355060500
2017-12-01,TSLA,20.883333206176758,21.333332061767578,20.082000732421875,20.435333251953125,403759500
2017-12-08,TSLA,20.433332443237305,21.242000579833984,20.0,21.0086669921875,388890000
2017-12-15,TSLA,20.975332260131836,23.16266632080078,20.916667938232422,22.89666748046875,534387000
2017-12-22,TSLA,22.99333381652832,23.115333557128906,21.654666900634766,21.68000030517578,402840000
2017-12-29,TSLA,21.588666915893555,21.59600067138672,20.63599967956543,20.75666618347168,257760000
2018-01-05,TSLA,20.799999237060547,21.683332443237305,20.3786678314209,21.10533332824707,351168000
2018-01-12,TSLA,21.066667556762695,22.987333297729492,21.03333282470703,22.4146671295166,491797500
2018-01-19,TSLA,22.502666473388672,23.48666763305664,22.31999969482422,23.334667205810547,362278500
2018-01-26,TSLA,23.293333053588867,24.03333282470703,22.380666732788086,22.856666564941406,423645000
2018-02-02,TSLA,22.656667709350586,23.977333068847656,22.552000045776367,22.916667938232422,353721000
2018-02-09,TSLA,22.531333923339844,23.2413330078125,19.650667190551758,20.69466781616211,596550000
2018-02-16,TSLA,21.075332641601562,22.874666213989258,20.416667938232422,22.365999221801758,394413000
2018-02-23,TSLA,22.29800033569336,23.666000366210938,22.100000381469727,23.469999313354492,300243000
2018-03-02,TSLA,23.566667556762695,23.999332427978516,21.531333923339844,22.341333389282227,407782500
2018-03-09,TSLA,22.159332275390625,22.516666412353516,21.44933319091797,21.81133270263672,332847000
2018-03-16,TSLA,21.907333374023438,23.1473331451416,21.271333694458008,21.42333221435547,523189500
2018-03-23,TSLA,21.100000381469727,21.496000289916992,20.030000686645508,20.1026668548584,447025500
2018-03-30,TSLA,20.48933219909668,20.506000518798828,16.547332763671875,17.742000579833984,876289500
2018-04-06,TSLA,17.083999633789062,20.618667602539062,16.305999755859375,19.953332901000977,1312447500
2018-04-13,TSLA,20.024667739868164,20.633333206176758,19.28066635131836,20.022666931152344,654877500
2018-04-20,TSLA,19.933332443237305,20.067333221435547,18.833999633789062,19.349332809448242,474220500
2018-04-27,TSLA,19.41933250427246,19.631332397460938,18.433332443237305,19.60533332824707,349693500
2018-05-04,TSLA,19.573999404907227,20.456666946411133,18.34866714477539,19.606000900268555,656185500
2018-05-11,TSLA,19.833332061767578,20.865999221801758,19.67799949645996,20.070667266845703,460002000
2018-05-18,TSLA,20.221332550048828,20.32933235168457,18.266666412353516,18.454666137695312,512287500
2018-05-25,TSLA,18.755332946777344,19.432666778564453,18.22800064086914,18.59000015258789,482479500
2018-06-01,TSLA,18.567333221435547,19.667333602905273,18.40999984741211,19.454666137695312,367506000
2018-06-08,TSLA,19.62266731262207,22.0,19.115999221801758,21.17733383178711,781662000
2018-06-15,TSLA,21.500667572021484,24.31133270263672,21.5,23.878000259399414,1002450000
2018-06-22,TSLA,23.69333267211914,24.915332794189453,22.133333206176758,22.242000579833984,771780000
2018-06-29,TSLA,22.007999420166016,23.801332473754883,21.719999313354492,22.863332748413086,564118500
2018-07-06,TSLA,24.004667282104492,24.318666458129883,19.74799919128418,20.593332290649414,860764500
2018-07-13,TSLA,20.799333572387695,21.845333099365234,20.53333282470703,21.257999420166016,503151000
2018-07-20,TSLA,20.78066635131836,21.700000762939453,20.416667938232422,20.905332565307617,472749000
2018-07-27,TSLA,20.12266731262207,20.713333129882812,19.503332138061523,19.812000274658203,569893500
2018-08-03,TSLA,19.726667404174805,23.666667938232422,19.075332641601562,23.211332321166992,883378500
2018-08-10,TSLA,23.03066635131836,25.83066749572754,22.610000610351562,23.69933319091797,1391206500
2018-08-17,TSLA,24.075332641601562,24.21266746520996,20.235332489013672,20.366666793823242,773613000
2018-08-24,TSLA,19.446666717529297,21.821332931518555,19.213333129882812,21.521333694458008,679056000
2018-08-31,TSLA,21.200000762939453,21.496000289916992,19.847999572753906,20.110666275024414,611514000
2018-09-07,TSLA,19.79599952697754,19.87933349609375,16.816667556762695,17.549333572387695,690660000
2018-09-14,TSLA,18.21733283996582,19.82200050354004,18.066667556762695,19.68000030517578,698622000
2018-09-21,TSLA,19.336000442504883,20.398666381835938,18.366666793823242,19.940000534057617,661948500
2018-09-28,TSLA,19.898666381835938,20.997333526611328,17.37066650390625,17.65133285522461,889900500
2018-10-05,TSLA,20.384666442871094,21.12266731262207,17.333332061767578,17.463333129882812,1039122000
2018-10-12,TSLA,17.634666442871094,17.85066795349121,16.51799964904785,17.25200080871582,805765500
2018-10-19,TSLA,17.270666122436523,18.84666633605957,16.899999618530273,17.333332061767578,587679000
2018-10-26,TSLA,17.3786678314209,22.65999984741211,16.839332580566406,22.059999465942383,1394289000
2018-11-02,TSLA,22.49799919128418,23.280000686645508,21.483999252319336,23.0939998626709,705676500
2018-11-09,TSLA,22.700000762939453,23.838666915893555,22.00933265686035,23.367332458496094,512368500
2018-11-16,TSLA,23.224666595458984,23.713333129882812,22.022666931152344,23.62066650390625,438934500
2018-11-23,TSLA,23.756000518798828,24.450000762939453,21.703332901000977,21.722000122070312,399045000
2018-11-30,TSLA,21.666667938232422,23.440000534057617,21.666667938232422,23.365333557128906,407817000
2018-12-07,TSLA,24.0,25.299333572387695,23.384000778198242,23.864667892456055,541831500
2018-12-14,TSLA,24.0,25.191333770751953,23.541332244873047,24.380666732788086,474792000
2018-12-21,TSLA,24.133333206176758,24.3799991607666,20.791332244873047,21.31800079345703,602053500
2018-12-28,TSLA,20.899999618530273,22.416000366210938,19.606000900268555,22.257999420166016,483556500
2019-01-04,TSLA,22.519332885742188,22.61400032043457,19.825332641601562,21.179332733154297,484803000
2019-01-11,TSLA,21.447999954223633,23.227333068847656,21.183332443237305,23.150667190551758,466321500
2019-01-18,TSLA,22.825332641601562,23.46666717529297,19.98200035095215,20.150667190551758,657346500
2019-01-25,TSLA,20.321332931518555,20.53333282470703,18.618667602539062,19.80266761779785,597877500
2019-02-01,TSLA,19.527332305908203,21.073333740234375,19.183332443237305,20.81399917602539,632218500
2019-02-08,TSLA,20.865333557128906,21.615999221801758,19.899999618530273,20.386667251586914,472473000
2019-02-15,TSLA,20.773332595825195,21.239999771118164,20.066667556762695,20.525333404541016,403419000
2019-02-22,TSLA,20.437332153320312,20.769332885742188,19.366666793823242,19.6473331451416,389404500
2019-03-01,TSLA,19.860666275024414,21.333332061767578,19.251333236694336,19.652666091918945,897375000
2019-03-08,TSLA,19.874666213989258,19.933332443237305,18.00666618347168,18.94266700744629,966886500
2019-03-15,TSLA,18.90133285522461,19.69266700744629,18.293333053588867,18.36199951171875,654450000
2019-03-22,TSLA,18.399999618530273,18.536666870117188,17.56399917602539,17.635332107543945,655237500
2019-03-29,TSLA,17.31399917602539,18.68866729736328,16.964000701904297,18.657333374023438,586657500
2019-04-05,TSLA,18.841333389282227,19.744667053222656,17.37266731262207,18.33066749572754,874015500
2019-04-12,TSLA,18.512666702270508,18.743999481201172,17.706666946411133,17.84666633605957,599364000
2019-04-19,TSLA,17.908666610717773,18.333332061767578,17.242000579833984,18.21733283996582,424714500
2019-04-26,TSLA,17.933332443237305,17.978666305541992,15.408666610717773,15.675999641418457,1170429000
2019-05-03,TSLA,15.723999977111816,17.107332229614258,15.433333396911621,17.00200080871582,1181244000
2019-05-10,TSLA,16.667999267578125,17.22333335876465,15.73466682434082,15.968000411987305,612921000
2019-05-17,TSLA,15.46733283996582,15.633333206176758,13.928000450134277,14.0686674118042,759798000
2019-05-24,TSLA,13.520000457763672,13.826666831970215,12.414667129516602,12.708666801452637,1468485000
2019-05-31,TSLA,12.74666690826416,13.0,12.273332595825195,12.343999862670898,609220500
2019-06-07,TSLA,12.36733341217041,14.066666603088379,11.799332618713379,13.633333206176758,1149426000
2019-06-14,TSLA,14.016667366027832,14.892000198364258,13.833999633789062,14.32800006866455,795565500
2019-06-21,TSLA,14.36533260345459,15.649333000183105,14.284667015075684,14.790666580200195,775099500
2019-06-28,TSLA,14.88266658782959,15.148667335510254,14.489999771118164,14.897333145141602,504468000
2019-07-05,TSLA,15.347332954406738,16.10466766357422,14.814666748046875,15.539999961853027,581088000
2019-07-12,TSLA,15.416000366210938,16.358667373657227,15.152000427246094,16.338666915893555,568978500
2019-07-19,TSLA,16.53333282470703,17.33066749572754,16.323999404907227,17.211999893188477,610812000
2019-07-26,TSLA,17.25,17.738000869750977,14.816666603088379,15.202667236328125,830764500
2019-08-02,TSLA,15.13933277130127,16.44533348083496,15.0686674118042,15.62266731262207,614347500
2019-08-09,TSLA,15.30666732788086,15.986666679382324,15.050000190734863,15.667332649230957,398122500
2019-08-16,TSLA,15.53266716003418,15.733332633972168,14.103333473205566,14.662667274475098,484990500
2019-08-23,TSLA,14.947333335876465,15.272666931152344,14.066666603088379,14.09333324432373,484900500
2019-08-30,TSLA,14.239999771118164,15.496000289916992,14.102666854858398,15.040666580200195,422905500
2019-09-06,TSLA,14.938667297363281,15.319999694824219,14.61400032043457,15.16333293914795,340497000
2019-09-13,TSLA,15.333333015441895,16.899999618530273,15.262666702270508,16.34666633605957,504352500
2019-09-20,TSLA,16.399999618530273,16.544666290283203,15.87733268737793,16.041332244873047,358687500
2019-09-27,TSLA,16.0,16.58066749572754,14.557332992553711,16.142000198364258,744895500
2019-10-04,TSLA,16.200000762939453,16.39666748046875,14.95199966430664,15.428667068481445,611299500
2019-10-11,TSLA,15.319999694824219,16.738666534423828,15.236666679382324,16.525999069213867,575932500
2019-10-18,TSLA,16.52666664123535,17.652000427246094,16.475332260131836,17.1299991607666,507615000
2019-10-25,TSLA,17.222000122070312,22.0,16.678667068481445,21.875333786010742,1119138000
2019-11-01,TSLA,21.836000442504883,22.722667694091797,20.65333366394043,20.887332916259766,789709500
2019-11-08,TSLA,20.98666763305664,22.766666412353516,20.617332458496094,22.47599983215332,663117000
2019-11-15,TSLA,22.93000030517578,23.755332946777344,22.799999237060547,23.47800064086914,555601500
2019-11-22,TSLA,23.527999877929688,24.079999923706055,22.0,22.202667236328125,627463500
2019-11-29,TSLA,22.954666137695312,22.971332550048828,21.80666732788086,21.996000289916992,424621500
2019-12-06,TSLA,21.959999084472656,22.590667724609375,21.816667556762695,22.392667770385742,442773000
2019-12-13,TSLA,22.439332962036133,24.347333908081055,22.338666915893555,23.892667770385742,586260000
2019-12-20,TSLA,24.170000076293945,27.53333282470703,24.166667938232422,27.03933334350586,1104777000
2019-12-27,TSLA,27.45199966430664,29.020666122436523,27.333332061767578,28.691999435424805,629308500
2020-01-03,TSLA,28.586000442504883,30.266666412353516,26.80533218383789,29.534000396728516,752740500
2020-01-10,TSLA,29.364667892456055,33.253334045410156,29.333332061767578,31.876667022705078,1508389500
2020-01-17,TSLA,32.900001525878906,36.49399948120117,32.79999923706055,34.03333282470703,1623726000
2020-01-24,TSLA,35.349998474121094,39.633331298828125,35.227333068847656,37.654666900634766,1247656500
2020-01-31,TSLA,36.132667541503906,43.53333282470703,35.95199966430664,43.371334075927734,1318846500
2020-02-07,TSLA,44.91266632080078,64.59933471679688,44.90133285522461,49.871334075927734,3200578500
2020-02-14,TSLA,53.33333206176758,54.66600036621094,49.0,53.33533477783203,1355883000
2020-02-21,TSLA,56.106666564941406,62.98533248901367,55.490665435791016,60.06666564941406,1106316000
2020-02-28,TSLA,55.93333435058594,57.56666564941406,40.768001556396484,44.53266525268555,1426024500
2020-03-06,TSLA,47.41733169555664,53.798667907714844,45.61800003051758,46.89866638183594,1268154000
2020-03-13,TSLA,40.35933303833008,44.53333282470703,33.46666717529297,36.44133377075195,1313100000
2020-03-20,TSLA,31.299999237060547,32.9913330078125,23.367332458496094,28.50200080871582,1901269500
2020-03-27,TSLA,28.906667709350586,37.33333206176758,27.366666793823242,34.29066848754883,1384957500
2020-04-03,TSLA,34.017333984375,36.19733428955078,29.760000228881836,32.000667572021484,1283149500
2020-04-10,TSLA,34.08000183105469,38.345333099365234,33.19733428955078,38.20000076293945,886914000
2020-04-17,TSLA,39.34400177001953,51.663333892822266,38.70199966430664,50.259334564208984,1656225000
2020-04-24,TSLA,48.8466682434082,51.03799819946289,44.919334411621094,48.34333419799805,1133548500
2020-05-01,TSLA,49.17399978637695,57.987998962402344,45.5359992980957,46.75466537475586,1696846500
2020-05-08,TSLA,46.733333587646484,54.93333435058594,46.53333282470703,54.62799835205078,1124493000
2020-05-15,TSLA,52.70066833496094,56.21933364868164,50.88666534423828,53.27799987792969,1135389000
2020-05-22,TSLA,55.185333251953125,55.64799880981445,53.06666564941406,54.45866775512695,762805500
2020-05-29,TSLA,55.633331298828125,55.66666793823242,52.33333206176758,55.66666793823242,579889500
2020-06-05,TSLA,57.20000076293945,60.57733154296875,56.939998626708984,59.04399871826172,797313000
2020-06-12,TSLA,61.266666412353516,68.49866485595703,60.61066818237305,62.35200119018555,1152093000
2020-06-19,TSLA,61.18600082397461,67.94667053222656,60.56666564941406,66.72666931152344,871060500
2020-06-26,TSLA,66.663330078125,67.46666717529297,62.47666549682617,63.982666015625,626950500
2020-07-03,TSLA,64.60066986083984,81.86666870117188,63.23466873168945,80.57733154296875,847828500
2020-07-10,TSLA,85.11266326904297,103.2613296508789,84.40266418457031,102.97666931152344,1401391500
2020-07-17,TSLA,110.5999984741211,119.66600036621094,95.4000015258789,100.05599975585938,1536031500
2020-07-24,TSLA,101.267333984375,112.5999984741211,91.10266876220703,94.46666717529297,1366722000
2020-07-31,TSLA,95.66666412353516,104.3133316040039,94.19999694824219,95.38400268554688,916702500
2020-08-07,TSLA,96.61333465576172,101.82733154296875,94.33399963378906,96.84733581542969,555912000
2020-08-14,TSLA,96.53333282470703,111.25333404541016,91.0,110.04733276367188,1064706000
2020-08-21,TSLA,111.80000305175781,139.69932556152344,111.52200317382812,136.6653289794922,1365352500
2020-08-28,TSLA,141.7519989013672,154.5659942626953,128.50132751464844,147.55999755859375,1331041500
2020-09-04,TSLA,148.20333862304688,167.49667358398438,124.00666809082031,139.44000244140625,1506928800
2020-09-11,TSLA,118.66666412353516,132.99667358398438,109.95999908447266,124.23999786376953,1021738800
2020-09-18,TSLA,126.98332977294922,153.97999572753906,124.43333435058594,147.38333129882812,1247352300
2020-09-25,TSLA,151.0433349609375,151.89332580566406,117.0999984741211,135.77999877929688,1343704200
2020-10-02,TSLA,141.5399932861328,149.6266632080078,137.1999969482422,138.3633270263672,810768000
2020-10-09,TSLA,141.11666870117188,146.3333282470703,135.35000610351562,144.6666717529297,619030800
2020-10-16,TSLA,147.3333282470703,155.3000030517578,145.53334045410156,146.55667114257812,568748400
2020-10-23,TSLA,148.74667358398438,149.0,135.7933349609375,140.2100067138672,522074400
2020-10-30,TSLA,137.2100067138672,143.5,126.37000274658203,129.34666442871094,424631100
2020-11-06,TSLA,131.3333282470703,146.6666717529297,130.76666259765625,143.31666564941406,436909200
2020-11-13,TSLA,146.5,150.8333282470703,132.00999450683594,136.1666717529297,366303300
2020-11-20,TSLA,136.30999755859375,169.5366668701172,134.69667053222656,163.20333862304688,784374300
2020-11-27,TSLA,167.8333282470703,199.5933380126953,167.26333618164062,195.25332641601562,571200300
2020-12-04,TSLA,200.73666381835938,202.60000610351562,180.40333557128906,199.67999267578125,668506800
2020-12-11,TSLA,201.63999938964844,218.10667419433594,188.77999877929688,203.3300018310547,916272300
2020-12-18,TSLA,206.3333282470703,231.6666717529297,201.6666717529297,231.6666717529297,1252812600
2020-12-25,TSLA,222.0800018310547,222.8333282470703,204.7433319091797,220.58999633789062,497399700
2021-01-01,TSLA,224.836669921875,239.57333374023438,218.3333282470703,235.22332763671875,443055900
2021-01-08,TSLA,239.82000732421875,294.8299865722656,239.06333923339844,293.3399963378906,756413400
2021-01-15,TSLA,283.1333312988281,289.3333435058594,267.8733215332031,275.38665771484375,626786100
2021-01-22,TSLA,279.26666259765625,286.5,276.2066650390625,282.21331787109375,274861500
2021-01-29,TSLA,285.0,300.1333312988281,260.0333251953125,264.510009765625,459023400
2021-02-05,TSLA,271.42999267578125,293.5,265.1866760253906,284.07666015625,307381200
2021-02-12,TSLA,289.8900146484375,292.5899963378906,261.77667236328125,272.0400085449219,350779800
2021-02-19,TSLA,272.6666564941406,273.6666564941406,254.00332641601562,260.4333190917969,248142600
2021-02-26,TSLA,254.2133331298828,256.1666564941406,206.3333282470703,225.1666717529297,662270100
2021-03-05,TSLA,230.0366668701172,240.3699951171875,179.8300018310547,199.31666564941406,709177200
2021-03-12,TSLA,200.18333435058594,239.28334045410156,186.26333618164062,231.2433319091797,749261100
2021-03-19,TSLA,231.3633270263672,237.72666931152344,208.2066650390625,218.2899932861328,534067800
2021-03-26,TSLA,228.19667053222656,233.2066650390625,199.9633331298828,206.23666381835938,530631000
2021-04-02,TSLA,205.2133331298828,230.80667114257812,197.00332641601562,220.5833282470703,410115300
2021-04-09,TSLA,235.90333557128906,236.05332946777344,222.6133270263672,225.67333984375,425356200
2021-04-16,TSLA,228.56666564941406,260.2633361816406,227.3633270263672,246.5933380126953,535902900
2021-04-23,TSLA,239.86666870117188,251.2566680908203,230.60000610351562,243.13333129882812,511413000
2021-04-30,TSLA,247.0,249.76666259765625,222.04666137695312,236.47999572753906,457051800
2021-05-07,TSLA,234.60000610351562,235.3333282470703,216.6666717529297,224.1233367919922,389814300
2021-05-14,TSLA,221.63333129882812,221.68333435058594,186.5500030517578,196.5800018310547,567827100
2021-05-21,TSLA,191.85000610351562,198.89332580566406,182.32666015625,193.6266632080078,496953300
2021-05-28,TSLA,193.86666870117188,211.8633270263672,191.21665954589844,208.4066619873047,420932700
2021-06-04,TSLA,209.26666259765625,211.26666259765625,190.4066619873047,199.68333435058594,286609500
2021-06-11,TSLA,197.27667236328125,207.69667053222656,194.2933349609375,203.29666137695312,315919800
2021-06-18,TSLA,204.07666015625,209.4499969482422,197.8333282470703,207.77000427246094,322783500
2021-06-25,TSLA,208.16000366210938,232.5399932861328,202.9600067138672,223.9566650390625,460649700
2021-07-02,TSLA,223.8800048828125,233.3333282470703,223.44000244140625,226.3000030517578,310870200
2021-07-09,TSLA,227.23666381835938,228.0,206.82000732421875,218.98333740234375,248970900
2021-07-16,TSLA,220.73333740234375,231.0933380126953,212.6266632080078,214.74000549316406,315344700
2021-07-23,TSLA,209.9633331298828,221.6199951171875,207.09666442871094,214.4600067138672,241344300
2021-07-30,TSLA,216.99000549316406,232.50999450683594,209.0800018310547,229.06666564941406,402622500
2021-08-06,TSLA,233.3333282470703,242.31333923339844,232.5433349609375,233.03334045410156,302343900
2021-08-13,TSLA,236.72332763671875,243.3000030517578,233.13333129882812,239.05667114257812,216416400
2021-08-20,TSLA,235.02333068847656,236.5,216.27999877929688,226.75332641601562,287710500
2021-08-27,TSLA,228.47999572753906,238.99000549316406,226.9166717529297,237.30667114257812,219125100
2021-09-03,TSLA,238.24000549316406,247.3300018310547,237.57666015625,244.52333068847656,242061900
2021-09-10,TSLA,246.6666717529297,254.81666564941406,244.83999633789062,245.42333984375,204284100
2021-09-17,TSLA,246.73666381835938,253.67999267578125,236.28334045410156,253.163330078125,296888100
2021-09-24,TSLA,244.85333251953125,258.26666259765625,239.5399932861328,258.1300048828125,268605600
2021-10-01,TSLA,257.7066650390625,266.3333435058594,254.52999877929688,258.40667724609375,328147200
2021-10-08,TSLA,265.5,268.989990234375,257.739990234375,261.8299865722656,298449300
2021-10-15,TSLA,262.54998779296875,281.07000732421875,261.8333435058594,281.010009765625,244536600
2021-10-22,TSLA,283.92999267578125,303.3333435058594,283.8233337402344,303.2266540527344,329948100
2021-10-29,TSLA,316.84332275390625,371.7366638183594,314.73333740234375,371.3333435058594,662775600
2021-11-05,TSLA,381.6666564941406,414.4966735839844,372.88665771484375,407.36334228515625,541323600
2021-11-12,TSLA,383.2633361816406,399.0,329.10333251953125,344.47332763671875,549971700
2021-11-19,TSLA,339.2099914550781,379.5733337402344,326.20001220703125,379.0199890136719,405913800
2021-11-26,TSLA,387.4433288574219,400.6499938964844,354.0,360.6400146484375,310455900
2021-12-03,TSLA,366.9966735839844,390.9466552734375,333.4033203125,338.3233337402344,373556700
2021-12-10,TSLA,333.836669921875,357.4599914550781,316.8333435058594,339.010009765625,298756800
2021-12-17,TSLA,333.6966552734375,335.0,303.0133361816406,310.8566589355469,407779800
2021-12-24,TSLA,303.5666809082031,357.6600036621094,295.3733215332031,355.6666564941406,314345400
2021-12-31,TSLA,357.8900146484375,373.0,351.04998779296875,352.260009765625,275398500
2022-01-07,TSLA,382.5833435058594,402.6666564941406,336.6666564941406,342.32000732421875,458800800
2022-01-14,TSLA,333.3333435058594,371.8666687011719,326.6666564941406,349.8699951171875,411751500
2022-01-21,TSLA,342.2033386230469,356.92999267578125,313.5,314.6333312988281,316090500
2022-01-28,TSLA,301.586669921875,329.2300109863281,264.0033264160156,282.1166687011719,624927600
2022-02-04,TSLA,290.9033203125,314.5666809082031,287.3500061035156,307.7733459472656,396848100
2022-02-11,TSLA,307.92999267578125,315.92333984375,283.5666809082031,286.6666564941406,309755700
2022-02-18,TSLA,287.19000244140625,308.80999755859375,279.2033386230469,285.6600036621094,300017100
2022-02-25,TSLA,278.0433349609375,285.57666015625,233.3333282470703,269.9566650390625,389934900
2022-03-04,TSLA,271.6700134277344,296.6266784667969,271.57000732421875,279.42999267578125,377040300
2022-03-11,TSLA,285.4333190917969,288.71331787109375,260.72332763671875,265.1166687011719,337762800
2022-03-18,TSLA,260.2033386230469,302.6166687011719,252.01333618164062,301.7966613769531,389019300
2022-03-25,TSLA,304.99334716796875,346.8999938964844,302.36334228515625,336.8800048828125,439478700
2022-04-01,TSLA,355.0333251953125,371.5899963378906,351.20001220703125,361.5299987792969,339241800
2022-04-08,TSLA,363.1266784667969,384.2900085449219,340.5133361816406,341.8299865722656,385920300
2022-04-15,TSLA,326.79998779296875,342.0799865722656,324.3666687011719,328.3333435058594,238876500
2022-04-22,TSLA,329.6766662597656,364.0733337402344,324.4700012207031,335.01666259765625,347387100
2022-04-29,TSLA,326.3233337402344,336.2066650390625,273.8999938964844,290.2533264160156,494512800
2022-05-06,TSLA,286.92333984375,318.5,281.03668212890625,288.54998779296875,386556900
2022-05-13,TSLA,278.8166809082031,281.8766784667969,226.6666717529297,256.5299987792969,504900300
2022-05-20,TSLA,255.72000122070312,256.586669921875,211.0,221.3000030517578,489416400
2022-05-27,TSLA,218.33999633789062,253.26666259765625,206.85667419433594,253.2100067138672,465433500
2022-06-03,TSLA,257.9466552734375,264.2099914550781,233.4166717529297,234.51666259765625,385029300
2022-06-10,TSLA,244.35333251953125,255.54666137695312,227.913330078125,232.22999572753906,427251600
2022-06-17,TSLA,223.1666717529297,235.663330078125,208.69332885742188,216.75999450683594,519920400
2022-06-24,TSLA,224.60333251953125,246.8333282470703,224.3333282470703,245.7066650390625,423873900
2022-07-01,TSLA,249.36666870117188,252.07000732421875,218.8633270263672,227.26333618164062,431527500
2022-07-08,TSLA,223.0,254.97999572753906,216.1666717529297,250.76333618164062,340219500
2022-07-15,TSLA,252.10333251953125,253.06333923339844,225.03334045410156,240.06666564941406,433367100
2022-07-22,TSLA,244.93666076660156,280.78668212890625,236.97666931152344,272.24334716796875,497796900
2022-07-29,TSLA,272.2166748046875,298.32000732421875,256.2633361816406,297.1499938964844,399040200
2022-08-05,TSLA,301.27667236328125,313.6066589355469,285.5433349609375,288.1700134277344,478140600
2022-08-12,TSLA,295.0,305.20001220703125,279.35333251953125,300.0299987792969,429969600
2022-08-19,TSLA,301.78668212890625,314.6666564941406,292.5,296.6666564941406,355157400
2022-08-26,TSLA,291.913330078125,303.64666748046875,286.2966613769531,288.0899963378906,287481800
2022-09-02,TSLA,282.8299865722656,288.4800109863281,266.1499938964844,270.2099914550781,249690900
2022-09-09,TSLA,272.67999267578125,299.8500061035156,265.739990234375,299.67999267578125,213940100
2022-09-16,TSLA,300.7200012207031,309.1199951171875,290.3999938964844,303.3500061035156,341416200
2022-09-23,TSLA,300.0899963378906,313.79998779296875,272.82000732421875,275.3299865722656,318723500
2022-09-30,TSLA,271.8299865722656,289.0,262.4700012207031,265.25,320014100
2022-10-07,TSLA,254.5,257.5,222.02000427246094,223.07000732421875,448139900
2022-10-14,TSLA,223.92999267578125,226.99000549316406,204.16000366210938,204.99000549316406,397406400
2022-10-21,TSLA,210.0399932861328,229.82000732421875,202.0,214.44000244140625,415404100
2022-10-28,TSLA,205.82000732421875,233.80999755859375,198.58999633789062,228.52000427246094,412758400
2022-11-04,TSLA,226.19000244140625,237.39999389648438,203.0800018310547,207.47000122070312,342474400
2022-11-11,TSLA,208.64999389648438,208.89999389648438,177.1199951171875,195.97000122070312,596889200
2022-11-18,TSLA,192.77000427246094,200.82000732421875,176.5500030517578,180.19000244140625,390472900
2022-11-25,TSLA,175.85000610351562,185.1999969482422,166.19000244140625,182.86000061035156,331544400
2022-12-02,TSLA,179.9600067138672,198.9199981689453,178.75,194.86000061035156,439140800
2022-12-09,TSLA,189.44000244140625,191.27000427246094,169.05999755859375,179.0500030517578,471983600
2022-12-16,TSLA,176.10000610351562,177.3699951171875,150.0399932861328,150.22999572753906,687706200
2022-12-23,TSLA,154.0,155.25,121.0199966430664,123.1500015258789,821451300
2022-12-30,TSLA,117.5,124.4800033569336,108.23999786376953,123.18000030517578,809414500
2023-01-06,TSLA,118.47000122070312,118.80000305175781,101.80999755859375,113.05999755859375,790689200
2023-01-13,TSLA,118.95999908447266,125.94999694824219,114.91999816894531,122.4000015258789,891852300
2023-01-20,TSLA,125.69999694824219,136.67999267578125,124.30999755859375,133.4199981689453,691307300
2023-01-27,TSLA,135.8699951171875,180.67999267578125,134.27000427246094,177.89999389648438,1095958300
2023-02-03,TSLA,178.0500030517578,199.0,162.77999877929688,189.97999572753906,1091608900
2023-02-10,TSLA,193.00999450683594,214.0,189.5500030517578,196.88999938964844,973057500
2023-02-17,TSLA,194.4199981689453,217.64999389648438,187.61000061035156,208.30999755859375,1013262600
2023-02-24,TSLA,204.99000549316406,209.7100067138672,191.77999877929688,196.8800048828125,660435200
2023-03-03,TSLA,202.02999877929688,211.22999572753906,186.00999450683594,197.7899932861328,806720000
2023-03-10,TSLA,198.5399932861328,198.60000610351562,168.44000244140625,173.44000244140625,789636400
2023-03-17,TSLA,167.4600067138672,186.22000122070312,163.91000366210938,180.1300048828125,711837700
2023-03-24,TSLA,178.0800018310547,200.66000366210938,176.35000610351562,190.41000366210938,693958500
2023-03-31,TSLA,194.4199981689453,207.7899932861328,185.42999267578125,207.4600067138672,623640500
2023-04-07,TSLA,199.91000366210938,202.69000244140625,179.74000549316406,185.05999755859375,553750100
2023-04-14,TSLA,179.94000244140625,191.5800018310547,176.11000061035156,185.0,617553500
2023-04-21,TSLA,186.32000732421875,189.69000244140625,160.55999755859375,165.0800018310547,668971700
2023-04-28,TSLA,164.64999389648438,165.64999389648438,152.3699951171875,164.30999755859375,664901000
2023-05-05,TSLA,163.1699981689453,170.7899932861328,158.8300018310547,170.05999755859375,559718500
2023-05-12,TSLA,173.72000122070312,177.3800048828125,166.55999755859375,167.97999572753906,582794600
2023-05-19,TSLA,167.66000366210938,181.9499969482422,164.35000610351562,180.13999938964844,575071900
2023-05-26,TSLA,180.6999969482422,198.60000610351562,178.22000122070312,193.1699981689453,685490800
2023-06-02,TSLA,200.10000610351562,217.25,195.1199951171875,213.97000122070312,591958700
2023-06-09,TSLA,217.8000030517578,252.4199981689453,212.52999877929688,244.39999389648438,848497600
2023-06-16,TSLA,247.94000244140625,263.6000061035156,244.58999633789062,260.5400085449219,811384500
2023-06-23,TSLA,261.5,276.989990234375,248.25,256.6000061035156,721745000
2023-06-30,TSLA,250.07000732421875,264.45001220703125,240.6999969482422,261.7699890136719,748633800
2023-07-07,TSLA,276.489990234375,284.25,272.8800048828125,274.42999267578125,485428100
2023-07-14,TSLA,276.4700012207031,285.29998779296875,265.1000061035156,281.3800048828125,539813800
2023-07-21,TSLA,286.6300048828125,299.2900085449219,255.8000030517578,260.0199890136719,722999700
2023-07-28,TSLA,255.85000610351562,272.8999938964844,254.1199951171875,266.44000244140625,560265300
2023-08-04,TSLA,267.4800109863281,269.0799865722656,250.49000549316406,253.86000061035156,466610100
2023-08-11,TSLA,251.4499969482422,253.64999389648438,238.02000427246094,242.64999389648438,517873600
2023-08-18,TSLA,235.6999969482422,240.66000366210938,212.36000061035156,215.49000549316406,556272400
2023-08-25,TSLA,221.5500030517578,240.82000732421875,220.5800018310547,238.58999633789062,573612700
2023-09-01,TSLA,242.5800018310547,261.17999267578125,235.35000610351562,245.00999450683594,605113000
2023-09-08,TSLA,245.0,258.0,243.27000427246094,248.5,480110000
2023-09-15,TSLA,264.2699890136719,278.9800109863281,260.6099853515625,274.3900146484375,663743600
2023-09-22,TSLA,271.1600036621094,273.92999267578125,244.47999572753906,244.8800048828125,575237500
2023-09-29,TSLA,243.3800048828125,254.77000427246094,234.5800018310547,250.22000122070312,588809000
2023-10-06,TSLA,244.80999755859375,263.6000061035156,242.6199951171875,260.5299987792969,592798300
2023-10-13,TSLA,255.30999755859375,268.94000244140625,250.22000122070312,251.1199951171875,541322100
2023-10-20,TSLA,250.0500030517578,257.17999267578125,210.4199981689453,211.99000549316406,616410700
2023-10-27,TSLA,210.0,222.0500030517578,202.50999450683594,207.3000030517578,585973400
2023-11-03,TSLA,209.27999877929688,226.3699951171875,194.07000732421875,219.9600067138672,621700600
2023-11-10,TSLA,223.97999572753906,226.32000732421875,205.69000244140625,214.64999389648438,613925200
2023-11-17,TSLA,215.60000610351562,246.6999969482422,211.61000061035156,234.3000030517578,719922800
2023-11-24,TSLA,234.0399932861328,244.00999450683594,231.02000427246094,235.4499969482422,421683900
2023-12-01,TSLA,236.88999938964844,252.75,231.89999389648438,238.8300018310547,649667900
2023-12-08,TSLA,235.75,246.66000366210938,233.2899932861328,243.83999633789062,578776200
2023-12-15,TSLA,242.74000549316406,254.1300048828125,228.1999969482422,253.5,636290500
2023-12-22,TSLA,253.77999877929688,259.8399963378906,247.0,252.5399932861328,551215200
2023-12-29,TSLA,254.49000549316406,265.1300048828125,247.42999267578125,248.47999572753906,407898300
2024-01-05,TSLA,250.0800018310547,251.25,234.89999389648438,237.49000549316406,420855000
2024-01-12,TSLA,236.13999938964844,241.25,217.14999389648438,218.88999938964844,502418200
2024-01-19,TSLA,215.10000610351562,223.49000549316406,207.55999755859375,212.19000244140625,429375100
2024-01-26,TSLA,212.25999450683594,217.8000030517578,180.05999755859375,183.25,653348300
2024-02-02,TSLA,185.6300048828125,196.36000061035156,182.0,187.91000366210938,540672800
2024-02-09,TSLA,184.25999450683594,194.1199951171875,175.00999450683594,193.57000732421875,536015900
2024-02-16,TSLA,192.11000061035156,203.1699981689453,182.11000061035156,199.9499969482422,495639600
2024-02-23,TSLA,196.1300048828125,199.44000244140625,189.1300048828125,191.97000122070312,379627500
2024-03-01,TSLA,192.2899932861328,205.60000610351562,192.0,202.63999938964844,488348800
2024-03-08,TSLA,198.72999572753906,199.75,173.6999969482422,175.33999633789062,549590200
2024-03-15,TSLA,175.4499969482422,182.8699951171875,160.50999450683594,163.57000732421875,502780200
2024-03-22,TSLA,170.02000427246094,178.17999267578125,165.89999389648438,170.8300018310547,418091100
2024-03-29,TSLA,168.75999450683594,184.25,168.72999572753906,175.7899932861328,346873600
2024-04-05,TSLA,176.1699981689453,177.19000244140625,160.50999450683594,164.89999389648438,547482400
2024-04-12,TSLA,169.33999633789062,179.22000122070312,167.7899932861328,171.0500030517578,451146100
2024-04-19,TSLA,170.24000549316406,170.69000244140625,146.22000122070312,147.0500030517578,462858300
2024-04-26,TSLA,140.55999755859375,172.1199951171875,138.8000030517578,168.2899932861328,649063900
2024-05-03,TSLA,188.4199981689453,198.8699951171875,176.02000427246094,181.19000244140625,628370700
2024-05-10,TSLA,183.8000030517578,187.55999755859375,167.75,168.47000122070312,377983200
2024-05-17,TSLA,170.0,180.0,169.0,177.4600067138672,370347300
2024-05-24,TSLA,177.55999755859375,186.8800048828125,173.25999450683594,179.24000549316406,402867400
2024-05-31,TSLA,176.39999389648438,182.6699981689453,173.16000366210938,178.0800018310547,259452200
2024-06-07,TSLA,178.1300048828125,182.63999938964844,172.1300048828125,177.47999572753906,312710900
2024-06-14,TSLA,176.05999755859375,191.0800018310547,167.41000366210938,178.00999450683594,406948200
2024-06-21,TSLA,177.9199981689453,188.80999755859375,177.0,183.00999450683594,296598800
2024-06-28,TSLA,184.97000122070312,203.1999969482422,182.00999450683594,197.8800048828125,388819500
2024-07-05,TSLA,201.02000427246094,252.3699951171875,200.85000610351562,251.52000427246094,661802000
2024-07-12,TSLA,247.7100067138672,271.0,233.08999633789062,248.22999572753906,823613000
2024-07-19,TSLA,255.97000122070312,265.6000061035156,236.8300018310547,239.1999969482422,587103100
2024-07-26,TSLA,244.2100067138672,255.75999450683594,214.7100067138672,219.8000030517578,576337100
2024-08-02,TSLA,224.89999389648438,234.67999267578125,205.77999877929688,207.6699981689453,464001100
2024-08-09,TSLA,185.22000122070312,203.8800048828125,182.0,200.0,368934700
2024-08-16,TSLA,199.02000427246094,219.8000030517578,194.6699981689453,216.1199951171875,389155900
2024-08-23,TSLA,217.07000732421875,228.22000122070312,210.32000732421875,220.32000732421875,381622100
2024-08-30,TSLA,218.75,219.08999633789062,202.58999633789062,214.11000061035156,311918400
2024-09-06,TSLA,215.25999450683594,235.0,209.63999938964844,210.72999572753906,388898000
2024-09-13,TSLA,216.1999969482422,232.6699981689453,213.6699981689453,230.2899932861328,361293200
2024-09-20,TSLA,229.3000030517578,244.24000549316406,223.52999877929688,238.25,401668500
2024-09-27,TSLA,242.61000061035156,261.75,241.9199981689453,260.4599914550781,378582800
2024-10-04,TSLA,259.0400085449219,264.8599853515625,237.80999755859375,250.0800018310547,429389600
2024-10-11,TSLA,249.0,249.8300018310547,214.3800048828125,217.8000030517578,416422000
2024-10-18,TSLA,220.1300048828125,224.25999450683594,213.74000549316406,220.6999969482422,299317200
2024-10-25,TSLA,218.89999389648438,269.489990234375,212.11000061035156,269.19000244140625,537640400
2024-11-01,TSLA,270.0,273.5400085449219,246.6300048828125,248.97999572753906,366289100
2024-11-08,TSLA,244.55999755859375,328.7099914550781,238.8800048828125,321.2200012207031,625405600
2024-11-15,TSLA,346.29998779296875,358.6400146484375,309.2200012207031,320.7200012207031,726819600
2024-11-22,TSLA,340.7300109863281,361.5299987792969,330.010009765625,352.55999755859375,428431200
2024-11-29,TSLA,360.1400146484375,361.92999267578125,326.5899963378906,345.1600036621094,253250800
2024-12-06,TSLA,352.3800048828125,389.489990234375,348.20001220703125,389.2200012207031,349924000
2024-12-13,TSLA,397.6099853515625,436.29998779296875,378.010009765625,436.2300109863281,474962800
2024-12-20,TSLA,441.0899963378906,488.5400085449219,417.6400146484375,421.05999755859375,645429900
2024-12-27,TSLA,431.0,465.3299865722656,415.4100036621094,431.6600036621094,291283100
2025-01-03,TSLA,419.3999938964844,427.92999267578125,373.0400085449219,410.44000244140625,346900100
2025-01-10,TSLA,423.20001220703125,426.42999267578125,377.2900085449219,394.739990234375,296542100
2025-01-17,TSLA,383.2099914550781,439.739990234375,380.07000732421875,426.5,396847600
2025-01-24,TSLA,432.6400146484375,433.20001220703125,405.7799987792969,406.5799865722656,255401900
2025-01-31,TSLA,394.79998779296875,419.989990234375,384.4100036621094,404.6000061035156,356446300
2025-02-07,TSLA,386.67999267578125,394.0,360.3399963378906,361.6199951171875,356244100
2025-02-14,TSLA,356.2099914550781,362.70001220703125,325.1000061035156,355.8399963378906,459159800
2025-02-21,TSLA,355.010009765625,367.3399963378906,334.4200134277344,337.79998779296875,238750100
2025-02-28,TSLA,338.1400146484375,342.3999938964844,273.6000061035156,292.9800109863281,527844600
2025-03-07,TSLA,300.3399963378906,303.94000244140625,250.72999572753906,262.6700134277344,537122100
2025-03-14,TSLA,252.5399932861328,253.3699951171875,217.02000427246094,249.97999572753906,721244800
2025-03-21,TSLA,245.05999755859375,249.52000427246094,222.27999877929688,248.7100067138672,567129000
2025-03-28,TSLA,258.0799865722656,291.8500061035156,256.3299865722656,263.54998779296875,759452700
2025-04-04,TSLA,249.30999755859375,284.989990234375,236.0,239.42999267578125,810687300
2025-04-11,TSLA,223.77999877929688,274.69000244140625,214.25,252.30999755859375,885161400
2025-04-18,TSLA,258.3599853515625,261.79998779296875,233.88999938964844,241.3699951171875,375513000
2025-04-25,TSLA,230.25999450683594,286.8500061035156,222.7899932861328,284.95001220703125,631033300
2025-05-02,TSLA,288.9800109863281,294.8599853515625,270.7799987792969,287.2099914550781,603713200
2025-05-09,TSLA,284.57000732421875,307.0400085449219,271.0,298.260009765625,472854500
2025-05-16,TSLA,321.989990234375,351.6199951171875,311.5,349.9800109863281,580594900
2025-05-23,TSLA,336.29998779296875,354.989990234375,331.3900146484375,339.3399963378906,504708400
2025-05-30,TSLA,347.3500061035156,367.7099914550781,345.2900085449219,346.4599914550781,423113400
2025-06-06,TSLA,343.5,355.3999938964844,273.2099914550781,295.1400146484375,732357900
2025-06-13,TSLA,285.9599914550781,335.5,281.8500061035156,325.30999755859375,648868600
2025-06-20,TSLA,331.2900085449219,332.3599853515625,314.739990234375,322.1600036621094,376034300
2025-06-27,TSLA,327.5400085449219,357.5400085449219,317.5,323.6300048828125,594806000
2025-07-04,TSLA,319.8999938964844,325.5799865722656,293.2099914550781,315.3500061035156,399306800
2025-07-11,TSLA,291.3699951171875,314.0899963378906,288.7699890136719,313.510009765625,493613100
2025-07-18,TSLA,317.7300109863281,330.8999938964844,310.5,329.6499938964844,421062400
2025-07-25,TSLA,334.3999938964844,338.0,300.4100036621094,316.05999755859375,550886000
2025-08-01,TSLA,318.45001220703125,330.489990234375,297.82000732421875,302.6300048828125,458356900
2025-08-08,TSLA,309.0799865722656,335.1499938964844,303.0,329.6499938964844,373027800
2025-08-15,TSLA,335.0,348.9800109863281,327.0199890136719,330.55999755859375,403001700
2025-08-22,TSLA,329.6199951171875,340.54998779296875,314.6000061035156,340.010009765625,360155100
2025-08-29,TSLA,338.8999938964844,355.3900146484375,331.70001220703125,333.8699951171875,377889500
2025-09-05,TSLA,328.2300109863281,355.8699951171875,325.6000061035156,350.8399963378906,316826100
2025-09-12,TSLA,354.6400146484375,396.69000244140625,343.82000732421875,395.94000244140625,473058400
2025-09-19,TSLA,423.1300048828125,432.2200012207031,402.42999267578125,426.07000732421875,557828400
2025-09-26,TSLA,431.1099853515625,444.9800109863281,419.0799865722656,440.3999938964844,472039700
2025-10-03,TSLA,444.3500061035156,470.75,416.5799865722656,429.8299865722656,522169000
2025-10-10,TSLA,440.75,453.54998779296875,411.45001220703125,413.489990234375,440260900
2025-10-17,TSLA,423.5299987792969,441.4599914550781,417.8599853515625,439.30999755859375,390301900
2025-10-24,TSLA,443.8699951171875,451.67999267578125,413.8999938964844,433.7200012207031,423592300
2025-10-31,TSLA,439.9800109863281,467.0,438.69000244140625,456.55999755859375,409620400
2025-11-07,TSLA,455.989990234375,474.07000732421875,421.8800048828125,429.5199890136719,471019200
2025-11-14,TSLA,439.6000061035156,449.6700134277344,382.7799987792969,404.3500061035156,420017300
2025-11-21,TSLA,398.739990234375,428.94000244140625,383.760009765625,391.0899963378906,468960000
2025-11-28,TSLA,402.1700134277344,432.92999267578125,401.0899963378906,430.1700134277344,268437900
2025-12-05,TSLA,425.32000732421875,458.8699951171875,422.1199951171875,455.0,342617200
2025-12-12,TSLA,447.45001220703125,463.010009765625,435.25,458.9599914550781,346426900
2025-12-19,TSLA,469.44000244140625,495.2799987792969,465.8299865722656,481.20001220703125,527114500
2025-12-26,TSLA,489.8800048828125,498.8299865722656,473.82000732421875,475.19000244140625,245205800
2026-01-02,TSLA,469.0,469.3999938964844,435.29998779296875,438.07000732421875,260114900
2026-01-09,TSLA,447.989990234375,457.54998779296875,424.3699951171875,445.010009765625,341236000
2026-01-16,TSLA,441.2300109863281,454.29998779296875,434.2200012207031,437.5,282314700
2026-01-23,TSLA,429.3599853515625,452.42999267578125,417.44000244140625,449.05999755859375,259629400
2026-01-30,TSLA,445.0,445.0400085449219,414.6199951171875,430.4100036621094,306300100
2026-02-06,TSLA,421.2900085449219,428.55999755859375,387.5299987792969,411.1099853515625,325729800
2026-02-13,TSLA,409.9100036621094,436.3500061035156,407.2900085449219,417.44000244140625,289664000
2026-02-20,TSLA,412.3599853515625,416.8999938964844,400.510009765625,411.82000732421875,214532000
2026-02-27,TSLA,407.2900085449219,420.3399963378906,394.0400085449219,402.510009765625,293561800
2026-03-06,TSLA,390.6000061035156,408.6199951171875,385.3900146484375,396.7300109863281,301991600
2026-03-13,TSLA,390.04998779296875,416.3800048828125,381.3999938964844,391.20001220703125,308315400
2026-03-20,TSLA,396.2200012207031,403.7300109863281,364.4599914550781,367.9599914550781,301518800
2026-03-27,TSLA,373.0899963378906,396.2300109863281,359.4700012207031,361.8299865722656,307356800
2026-04-03,TSLA,365.8599853515625,383.1400146484375,352.1400146484375,360.5899963378906,285204300
2026-04-10,TSLA,362.5899963378906,367.7200012207031,337.239990234375,348.95001220703125,344551600
2026-04-17,TSLA,350.07000732421875,409.2799987792969,348.57000732421875,400.6199951171875,381562600
2026-04-24,TSLA,402.5799865722656,406.79998779296875,368.3900146484375,376.29998779296875,334360100
2026-05-01,TSLA,372.0899963378906,397.82000732421875,364.0199890136719,390.82000732421875,279399300
2026-05-08,TSLA,390.2300109863281,431.20001220703125,384.0199890136719,428.3500061035156,279355300
2026-05-15,TSLA,422.1600036621094,453.3999938964844,416.79998779296875,422.239990234375,305987700
2026-05-22,TSLA,419.2699890136719,431.510009765625,393.6300048828125,426.010009765625,233011100
2026-05-29,TSLA,430.260009765625,445.6000061035156,426.1199951171875,435.7900085449219,167927200
2026-06-05,TSLA,427.489990234375,433.6000061035156,388.5899963378906,391.0,225778100
2026-06-12,TSLA,396.3299865722656,418.5,380.1499938964844,406.42999267578125,268803400
2026-06-19,TSLA,412.3699951171875,416.0,384.70001220703125,400.489990234375,187795000
2016-06-24,^TNX,1.6729999780654907,1.7480000257492065,1.5260000228881836,1.5789999961853027,0
2016-07-01,^TNX,1.4700000286102295,1.5119999647140503,1.4140000343322754,1.4559999704360962,0
2016-07-08,^TNX,1.4019999504089355,1.440999984741211,1.3359999656677246,1.3660000562667847,0
2016-07-15,^TNX,1.406999945640564,1.6009999513626099,1.3899999856948853,1.593999981880188,0
2016-07-22,^TNX,1.5770000219345093,1.628000020980835,1.5440000295639038,1.5700000524520874,0
2016-07-29,^TNX,1.5839999914169312,1.5870000123977661,1.4579999446868896,1.4579999446868896,0
2016-08-05,^TNX,1.49399995803833,1.5870000123977661,1.475000023841858,1.5820000171661377,0
2016-08-12,^TNX,1.5989999771118164,1.6160000562667847,1.4800000190734863,1.5149999856948853,0
2016-08-19,^TNX,1.5199999809265137,1.5920000076293945,1.5149999856948853,1.5779999494552612,0
2016-08-26,^TNX,1.5679999589920044,1.6349999904632568,1.5269999504089355,1.6349999904632568,0
2016-09-02,^TNX,1.6180000305175781,1.621000051498413,1.5440000295639038,1.5959999561309814,0
2016-09-09,^TNX,1.6039999723434448,1.6779999732971191,1.5190000534057617,1.6720000505447388,0
2016-09-16,^TNX,1.687000036239624,1.7519999742507935,1.6610000133514404,1.7009999752044678,0
2016-09-23,^TNX,1.6929999589920044,1.7239999771118164,1.6080000400543213,1.6150000095367432,0
2016-09-30,^TNX,1.5989999771118164,1.6150000095367432,1.5429999828338623,1.6080000400543213,0
2016-10-07,^TNX,1.600000023841858,1.7710000276565552,1.5959999561309814,1.7359999418258667,0
2016-10-14,^TNX,1.7230000495910645,1.8009999990463257,1.7230000495910645,1.7940000295639038,0
2016-10-21,^TNX,1.7890000343322754,1.7890000343322754,1.7239999771118164,1.7400000095367432,0
2016-10-28,^TNX,1.7369999885559082,1.878999948501587,1.7259999513626099,1.8450000286102295,0
2016-11-04,^TNX,1.840000033378601,1.878999948501587,1.7710000276565552,1.7829999923706055,0
2016-11-11,^TNX,1.8170000314712524,2.125999927520752,1.8140000104904175,2.117000102996826,0
2016-11-18,^TNX,2.23799991607666,2.3550000190734863,2.188999891281128,2.3350000381469727,0
2016-11-25,^TNX,2.315000057220459,2.4170000553131104,2.2869999408721924,2.371999979019165,0
2016-12-02,^TNX,2.325000047683716,2.492000102996826,2.299999952316284,2.390000104904175,0
2016-12-09,^TNX,2.4230000972747803,2.4779999256134033,2.3459999561309814,2.4639999866485596,0
2016-12-16,^TNX,2.51200008392334,2.621000051498413,2.4240000247955322,2.5969998836517334,0
2016-12-23,^TNX,2.563999891281128,2.5899999141693115,2.5260000228881836,2.5429999828338623,0
2016-12-30,^TNX,2.552000045776367,2.5759999752044678,2.431999921798706,2.446000099182129,0
2017-01-06,^TNX,2.510999917984009,2.5179998874664307,2.3389999866485596,2.4179999828338623,0
2017-01-13,^TNX,2.38700008392334,2.430999994277954,2.309000015258789,2.380000114440918,0
2017-01-20,^TNX,2.3329999446868896,2.513000011444092,2.312999963760376,2.4670000076293945,0
2017-01-27,^TNX,2.4579999446868896,2.555000066757202,2.38100004196167,2.4809999465942383,0
2017-02-03,^TNX,2.490000009536743,2.5160000324249268,2.427999973297119,2.490999937057495,0
2017-02-10,^TNX,2.421999931335449,2.4579999446868896,2.325000047683716,2.4089999198913574,0
2017-02-17,^TNX,2.436000108718872,2.5239999294281006,2.4000000953674316,2.424999952316284,0
2017-02-24,^TNX,2.4560000896453857,2.4609999656677246,2.313999891281128,2.316999912261963,0
2017-03-03,^TNX,2.3310000896453857,2.5199999809265137,2.3289999961853027,2.492000102996826,0
2017-03-10,^TNX,2.4709999561309814,2.615000009536743,2.4639999866485596,2.5820000171661377,0
2017-03-17,^TNX,2.578000068664551,2.615000009536743,2.490000009536743,2.500999927520752,0
2017-03-24,^TNX,2.503999948501587,2.509999990463257,2.375,2.4000000953674316,0
2017-03-31,^TNX,2.3589999675750732,2.427000045776367,2.3480000495910645,2.3959999084472656,0
2017-04-07,^TNX,2.380000114440918,2.3910000324249268,2.2709999084472656,2.372999906539917,0
2017-04-14,^TNX,2.390000104904175,2.3910000324249268,2.2200000286102295,2.2320001125335693,0
2017-04-21,^TNX,2.2200000286102295,2.256999969482422,2.177000045776367,2.236999988555908,0
2017-04-28,^TNX,2.312999963760376,2.3499999046325684,2.2660000324249268,2.2820000648498535,0
2017-05-05,^TNX,2.2909998893737793,2.380000114440918,2.2790000438690186,2.3519999980926514,0
2017-05-12,^TNX,2.3329999446868896,2.4230000972747803,2.322000026702881,2.3350000381469727,0
2017-05-19,^TNX,2.3420000076293945,2.3589999675750732,2.190999984741211,2.244999885559082,0
2017-05-26,^TNX,2.249000072479248,2.296999931335449,2.2309999465942383,2.25,0
2017-06-02,^TNX,2.23799991607666,2.247999906539917,2.1440000534057617,2.1589999198913574,0
2017-06-09,^TNX,2.174999952316284,2.2290000915527344,2.132999897003174,2.1989998817443848,0
2017-06-16,^TNX,2.2109999656677246,2.2269999980926514,2.1029999256134033,2.1570000648498535,0
2017-06-23,^TNX,2.1459999084472656,2.190999984741211,2.1389999389648438,2.1440000534057617,0
2017-06-30,^TNX,2.1440000534057617,2.305000066757202,2.121000051498413,2.302000045776367,0
2017-07-07,^TNX,2.309000015258789,2.3959999084472656,2.2899999618530273,2.3929998874664307,0
2017-07-14,^TNX,2.372999906539917,2.3910000324249268,2.2790000438690186,2.319000005722046,0
2017-07-21,^TNX,2.305000066757202,2.3299999237060547,2.2249999046325684,2.2320001125335693,0
2017-07-28,^TNX,2.244999885559082,2.3369998931884766,2.240999937057495,2.2890000343322754,0
2017-08-04,^TNX,2.2939999103546143,2.321000099182129,2.2279999256134033,2.2669999599456787,0
2017-08-11,^TNX,2.2760000228881836,2.2909998893737793,2.181999921798706,2.188999891281128,0
2017-08-18,^TNX,2.2190001010894775,2.2829999923706055,2.1630001068115234,2.194000005722046,0
2017-08-25,^TNX,2.177999973297119,2.2170000076293945,2.1619999408721924,2.1689999103546143,0
2017-09-01,^TNX,2.1760001182556152,2.180000066757202,2.0910000801086426,2.1570000648498535,0
2017-09-08,^TNX,2.138000011444092,2.138000011444092,2.0339999198913574,2.061000108718872,0
2017-09-15,^TNX,2.1029999256134033,2.2249999046325684,2.0980000495910645,2.2019999027252197,0
2017-09-22,^TNX,2.2149999141693115,2.2890000343322754,2.2109999656677246,2.26200008392334,0
2017-09-29,^TNX,2.243000030517578,2.3440001010894775,2.2149999141693115,2.3259999752044678,0
2017-10-06,^TNX,2.3410000801086426,2.4019999504089355,2.309000015258789,2.369999885559082,0
2017-10-13,^TNX,2.3610000610351562,2.364000082015991,2.2730000019073486,2.2799999713897705,0
2017-10-20,^TNX,2.2890000343322754,2.3919999599456787,2.2869999408721924,2.38100004196167,0
2017-10-27,^TNX,2.384999990463257,2.4749999046325684,2.36299991607666,2.427999973297119,0
2017-11-03,^TNX,2.4049999713897705,2.4079999923706055,2.3239998817443848,2.3429999351501465,0
2017-11-10,^TNX,2.325000047683716,2.4059998989105225,2.303999900817871,2.4000000953674316,0
2017-11-17,^TNX,2.381999969482422,2.4070000648498535,2.319000005722046,2.3540000915527344,0
2017-11-24,^TNX,2.3359999656677246,2.374000072479248,2.319000005722046,2.3399999141693115,0
2017-12-01,^TNX,2.3329999446868896,2.437000036239624,2.309999942779541,2.361999988555908,0
2017-12-08,^TNX,2.3959999084472656,2.4030001163482666,2.313999891281128,2.382999897003174,0
2017-12-15,^TNX,2.361999988555908,2.4260001182556152,2.3440001010894775,2.3550000190734863,0
2017-12-22,^TNX,2.372999906539917,2.499000072479248,2.367000102996826,2.484999895095825,0
2017-12-29,^TNX,2.48799991607666,2.490000009536743,2.4049999713897705,2.4049999713897705,0
2018-01-05,^TNX,2.433000087738037,2.486999988555908,2.424999952316284,2.4760000705718994,0
2018-01-12,^TNX,2.4709999561309814,2.5950000286102295,2.4619998931884766,2.552000045776367,0
2018-01-19,^TNX,2.5390000343322754,2.6459999084472656,2.5260000228881836,2.63700008392334,0
2018-01-26,^TNX,2.6579999923706055,2.6760001182556152,2.6110000610351562,2.6619999408721924,0
2018-02-02,^TNX,2.7200000286102295,2.8540000915527344,2.694000005722046,2.8540000915527344,0
2018-02-09,^TNX,2.8340001106262207,2.884000062942505,2.7360000610351562,2.8289999961853027,0
2018-02-16,^TNX,2.881999969482422,2.9260001182556152,2.816999912261963,2.877000093460083,0
2018-02-23,^TNX,2.9019999504089355,2.943000078201294,2.861999988555908,2.871000051498413,0
2018-03-02,^TNX,2.8410000801086426,2.924999952316284,2.7950000762939453,2.8570001125335693,0
2018-03-09,^TNX,2.8420000076293945,2.9140000343322754,2.8299999237060547,2.8940000534057617,0
2018-03-16,^TNX,2.8989999294281006,2.9010000228881836,2.8010001182556152,2.8480000495910645,0
2018-03-23,^TNX,2.874000072479248,2.936000108718872,2.7990000247955322,2.8299999237060547,0
2018-03-30,^TNX,2.8540000915527344,2.8540000915527344,2.739000082015991,2.740999937057495,0
2018-04-06,^TNX,2.763000011444092,2.8340001106262207,2.7170000076293945,2.7750000953674316,0
2018-04-13,^TNX,2.7899999618530273,2.8489999771118164,2.755000114440918,2.8289999961853027,0
2018-04-20,^TNX,2.864000082015991,2.953000068664551,2.813999891281128,2.9509999752044678,0
2018-04-27,^TNX,2.9749999046325684,3.0350000858306885,2.9549999237060547,2.9570000171661377,0
2018-05-04,^TNX,2.9549999237060547,2.989000082015991,2.9110000133514404,2.944000005722046,0
2018-05-11,^TNX,2.953000068664551,3.009999990463257,2.946000099182129,2.9709999561309814,0
2018-05-18,^TNX,2.996999979019165,3.115000009536743,2.9860000610351562,3.066999912261963,0
2018-05-25,^TNX,3.0759999752044678,3.078000068664551,2.921999931335449,2.930999994277954,0
2018-06-01,^TNX,2.878999948501587,2.9240000247955322,2.759000062942505,2.8949999809265137,0
2018-06-08,^TNX,2.9110000133514404,2.992000102996826,2.884000062942505,2.937000036239624,0
2018-06-15,^TNX,2.9630000591278076,3.009000062942505,2.8889999389648438,2.9240000247955322,0
2018-06-22,^TNX,2.9019999504089355,2.933000087738037,2.868000030517578,2.9000000953674316,0
2018-06-29,^TNX,2.881999969482422,2.8970000743865967,2.8239998817443848,2.8489999771118164,0
2018-07-06,^TNX,2.8289999961853027,2.881999969482422,2.811000108718872,2.8310000896453857,0
2018-07-13,^TNX,2.861999988555908,2.875,2.8269999027252197,2.8310000896453857,0
2018-07-20,^TNX,2.8580000400543213,2.8970000743865967,2.8340001106262207,2.8949999809265137,0
2018-07-27,^TNX,2.888000011444092,2.98799991607666,2.888000011444092,2.9600000381469727,0
2018-08-03,^TNX,2.9860000610351562,3.0160000324249268,2.944999933242798,2.953000068664551,0
2018-08-10,^TNX,2.9600000381469727,2.9860000610351562,2.8529999256134033,2.8570001125335693,0
2018-08-17,^TNX,2.864000082015991,2.8949999809265137,2.8369998931884766,2.872999906539917,0
2018-08-24,^TNX,2.8529999256134033,2.8529999256134033,2.808000087738037,2.8259999752044678,0
2018-08-31,^TNX,2.8299999237060547,2.8989999294281006,2.828000068664551,2.8529999256134033,0
2018-09-07,^TNX,2.86899995803833,2.950000047683716,2.868000030517578,2.941999912261963,0
2018-09-14,^TNX,2.941999912261963,3.003000020980835,2.930000066757202,2.99399995803833,0
2018-09-21,^TNX,3.0199999809265137,3.0959999561309814,2.989000082015991,3.068000078201294,0
2018-09-28,^TNX,3.0759999752044678,3.109999895095825,3.0299999713897705,3.055999994277954,0
2018-10-05,^TNX,3.0859999656677246,3.247999906539917,3.0460000038146973,3.2249999046325684,0
2018-10-12,^TNX,3.2330000400543213,3.242000102996826,3.127000093460083,3.1410000324249268,0
2018-10-19,^TNX,3.1610000133514404,3.2149999141693115,3.1429998874664307,3.197999954223633,0
2018-10-26,^TNX,3.190000057220459,3.197999954223633,3.059000015258789,3.0769999027252197,0
2018-11-02,^TNX,3.0940001010894775,3.2160000801086426,3.0850000381469727,3.2139999866485596,0
2018-11-09,^TNX,3.203000068664551,3.239000082015991,3.180000066757202,3.188999891281128,0
2018-11-16,^TNX,3.186000108718872,3.186000108718872,3.068000078201294,3.0739998817443848,0
2018-11-23,^TNX,3.0850000381469727,3.0959999561309814,3.0320000648498535,3.053999900817871,0
2018-11-30,^TNX,3.062999963760376,3.0789999961853027,3.007999897003174,3.013000011444092,0
2018-12-07,^TNX,3.0409998893737793,3.0409998893737793,2.8259999752044678,2.8499999046325684,0
2018-12-14,^TNX,2.8610000610351562,2.9189999103546143,2.825000047683716,2.8910000324249268,0
2018-12-21,^TNX,2.884000062942505,2.8889999389648438,2.749000072479248,2.7920000553131104,0
2018-12-28,^TNX,2.763000011444092,2.796999931335449,2.7269999980926514,2.7360000610351562,0
2019-01-04,^TNX,2.7320001125335693,2.744999885559082,2.553999900817871,2.6589999198913574,0
2019-01-11,^TNX,2.634000062942505,2.747999906539917,2.631999969482422,2.7009999752044678,0
2019-01-18,^TNX,2.671999931335449,2.7990000247955322,2.671999931335449,2.7839999198913574,0
2019-01-25,^TNX,2.755000114440918,2.7790000438690186,2.7009999752044678,2.753000020980835,0
2019-02-01,^TNX,2.76200008392334,2.76200008392334,2.625999927520752,2.690999984741211,0
2019-02-08,^TNX,2.697000026702881,2.7339999675750732,2.625,2.631999969482422,0
2019-02-15,^TNX,2.6519999504089355,2.7149999141693115,2.6429998874664307,2.6659998893737793,0
2019-02-22,^TNX,2.6700000762939453,2.697000026702881,2.631999969482422,2.6549999713897705,0
2019-03-01,^TNX,2.680999994277954,2.759000062942505,2.631999969482422,2.755000114440918,0
2019-03-08,^TNX,2.75,2.753000020980835,2.6070001125335693,2.625,0
2019-03-15,^TNX,2.6449999809265137,2.6559998989105225,2.5799999237060547,2.5929999351501465,0
2019-03-22,^TNX,2.6029999256134033,2.634000062942505,2.4179999828338623,2.4549999237060547,0
2019-03-29,^TNX,2.4600000381469727,2.4639999866485596,2.3559999465942383,2.4140000343322754,0
2019-04-05,^TNX,2.441999912261963,2.5439999103546143,2.4240000247955322,2.500999927520752,0
2019-04-12,^TNX,2.503999948501587,2.562000036239624,2.4630000591278076,2.559999942779541,0
2019-04-19,^TNX,2.566999912261963,2.614000082015991,2.5490000247955322,2.559999942779541,0
2019-04-26,^TNX,2.565000057220459,2.5920000076293945,2.494999885559082,2.505000114440918,0
2019-05-03,^TNX,2.505000114440918,2.5759999752044678,2.4549999237060547,2.5309998989105225,0
2019-05-10,^TNX,2.490999937057495,2.502000093460083,2.424999952316284,2.4549999237060547,0
2019-05-17,^TNX,2.4230000972747803,2.427999973297119,2.3610000610351562,2.3929998874664307,0
2019-05-24,^TNX,2.385999917984009,2.440999984741211,2.2939999103546143,2.3239998817443848,0
2019-05-31,^TNX,2.2990000247955322,2.2990000247955322,2.13700008392334,2.1419999599456787,0
2019-06-07,^TNX,2.111999988555908,2.1470000743865967,2.052999973297119,2.0840001106262207,0
2019-06-14,^TNX,2.134999990463257,2.1740000247955322,2.075000047683716,2.0929999351501465,0
2019-06-21,^TNX,2.0940001010894775,2.1029999256134033,1.975000023841858,2.068000078201294,0
2019-06-28,^TNX,2.0320000648498535,2.0490000247955322,1.9819999933242798,2.0,0
2019-07-05,^TNX,2.0260000228881836,2.068000078201294,1.9429999589920044,2.0480000972747803,0
2019-07-12,^TNX,2.0299999713897705,2.1480000019073486,2.013000011444092,2.1059999465942383,0
2019-07-19,^TNX,2.11299991607666,2.1429998874664307,2.0350000858306885,2.0480000972747803,0
2019-07-26,^TNX,2.049999952316284,2.0999999046325684,2.01200008392334,2.0810000896453857,0
2019-08-02,^TNX,2.058000087738037,2.075000047683716,1.8420000076293945,1.8550000190734863,0
2019-08-09,^TNX,1.7619999647140503,1.7929999828338623,1.5950000286102295,1.7339999675750732,0
2019-08-16,^TNX,1.690000057220459,1.7170000076293945,1.475000023841858,1.5390000343322754,0
2019-08-23,^TNX,1.5959999561309814,1.6230000257492065,1.50600004196167,1.527999997138977,0
2019-08-30,^TNX,1.5169999599456787,1.5490000247955322,1.4459999799728394,1.50600004196167,0
2019-09-06,^TNX,1.4830000400543213,1.6059999465942383,1.4290000200271606,1.5499999523162842,0
2019-09-13,^TNX,1.5959999561309814,1.902999997138977,1.5870000123977661,1.902999997138977,0
2019-09-20,^TNX,1.8339999914169312,1.875,1.74399995803833,1.7549999952316284,0
2019-09-27,^TNX,1.6970000267028809,1.7350000143051147,1.6349999904632568,1.6749999523162842,0
2019-10-04,^TNX,1.6990000009536743,1.7549999952316284,1.5099999904632568,1.5149999856948853,0
2019-10-11,^TNX,1.5390000343322754,1.7640000581741333,1.5099999904632568,1.7519999742507935,0
2019-10-18,^TNX,1.7330000400543213,1.7760000228881836,1.6890000104904175,1.746999979019165,0
2019-10-25,^TNX,1.777999997138977,1.8140000104904175,1.7309999465942383,1.8009999990463257,0
2019-11-01,^TNX,1.8329999446868896,1.8600000143051147,1.6699999570846558,1.7280000448226929,0
2019-11-08,^TNX,1.746999979019165,1.9709999561309814,1.746999979019165,1.9329999685287476,0
2019-11-15,^TNX,1.9429999589920044,1.9490000009536743,1.8049999475479126,1.8339999914169312,0
2019-11-22,^TNX,1.8450000286102295,1.8450000286102295,1.7300000190734863,1.7740000486373901,0
2019-11-29,^TNX,1.7899999618530273,1.7960000038146973,1.7309999465942383,1.7760000228881836,0
2019-12-06,^TNX,1.8329999446868896,1.8639999628067017,1.6929999589920044,1.8420000076293945,0
2019-12-13,^TNX,1.8279999494552612,1.9240000247955322,1.777999997138977,1.819000005722046,0
2019-12-20,^TNX,1.8489999771118164,1.9470000267028809,1.8450000286102295,1.9170000553131104,0
2019-12-27,^TNX,1.9119999408721924,1.9490000009536743,1.8700000047683716,1.8739999532699585,0
2020-01-03,^TNX,1.9229999780654907,1.940000057220459,1.7860000133514404,1.7879999876022339,0
2020-01-10,^TNX,1.784999966621399,1.899999976158142,1.7660000324249268,1.8250000476837158,0
2020-01-17,^TNX,1.8339999914169312,1.8580000400543213,1.7799999713897705,1.8359999656677246,0
2020-01-24,^TNX,1.7970000505447388,1.7970000505447388,1.6699999570846558,1.680999994277954,0
2020-01-31,^TNX,1.6119999885559082,1.6549999713897705,1.5119999647140503,1.5199999809265137,0
2020-02-07,^TNX,1.5549999475479126,1.6679999828338623,1.5149999856948853,1.5779999494552612,0
2020-02-14,^TNX,1.5700000524520874,1.6390000581741333,1.5440000295639038,1.5880000591278076,0
2020-02-21,^TNX,1.5440000295639038,1.5870000123977661,1.4390000104904175,1.4709999561309814,0
2020-02-28,^TNX,1.3960000276565552,1.4019999504089355,1.1269999742507935,1.1269999742507935,0
2020-03-06,^TNX,1.0670000314712524,1.1629999876022339,0.6600000262260437,0.7059999704360962,0
2020-03-13,^TNX,0.48399999737739563,0.9860000014305115,0.39800000190734863,0.9509999752044678,0
2020-03-20,^TNX,0.777999997138977,1.2660000324249268,0.703000009059906,0.9380000233650208,0
2020-03-27,^TNX,0.7149999737739563,0.8960000276565552,0.7149999737739563,0.7490000128746033,0
2020-04-03,^TNX,0.6570000052452087,0.7200000286102295,0.5680000185966492,0.5870000123977661,0
2020-04-10,^TNX,0.6449999809265137,0.7839999794960022,0.6420000195503235,0.7289999723434448,0
2020-04-17,^TNX,0.7409999966621399,0.7590000033378601,0.5870000123977661,0.6539999842643738,0
2020-04-24,^TNX,0.6240000128746033,0.6430000066757202,0.5429999828338623,0.5960000157356262,0
2020-05-01,^TNX,0.6209999918937683,0.6620000004768372,0.5809999704360962,0.6420000195503235,0
2020-05-08,^TNX,0.6159999966621399,0.7429999709129333,0.6150000095367432,0.6819999814033508,0
2020-05-15,^TNX,0.6830000281333923,0.7260000109672546,0.5899999737739563,0.6399999856948853,0
2020-05-22,^TNX,0.6660000085830688,0.7450000047683716,0.6480000019073486,0.6570000052452087,0
2020-05-29,^TNX,0.6970000267028809,0.7229999899864197,0.6480000019073486,0.6480000019073486,0
2020-06-05,^TNX,0.6669999957084656,0.9570000171661377,0.6610000133514404,0.9039999842643738,0
2020-06-12,^TNX,0.9100000262260437,0.9150000214576721,0.6510000228881836,0.6990000009536743,0
2020-06-19,^TNX,0.6690000295639038,0.7839999794960022,0.6610000133514404,0.6970000267028809,0
2020-06-26,^TNX,0.6949999928474426,0.7300000190734863,0.6320000290870667,0.6359999775886536,0
2020-07-03,^TNX,0.6510000228881836,0.7239999771118164,0.6190000176429749,0.6690000295639038,0
2020-07-10,^TNX,0.6959999799728394,0.7120000123977661,0.5730000138282776,0.6330000162124634,0
2020-07-17,^TNX,0.6480000019073486,0.6629999876022339,0.6000000238418579,0.628000020980835,0
2020-07-24,^TNX,0.6069999933242798,0.625,0.5740000009536743,0.5889999866485596,0
2020-07-31,^TNX,0.5789999961853027,0.6100000143051147,0.527999997138977,0.5360000133514404,0
2020-08-07,^TNX,0.5590000152587891,0.5720000267028809,0.5040000081062317,0.5619999766349792,0
2020-08-14,^TNX,0.5540000200271606,0.7269999980926514,0.5460000038146973,0.7089999914169312,0
2020-08-21,^TNX,0.6869999766349792,0.6930000185966492,0.6230000257492065,0.6399999856948853,0
2020-08-28,^TNX,0.6330000162124634,0.7459999918937683,0.621999979019165,0.7289999723434448,0
2020-09-04,^TNX,0.7329999804496765,0.7390000224113464,0.6060000061988831,0.7210000157356262,0
2020-09-11,^TNX,0.6790000200271606,0.7229999899864197,0.6639999747276306,0.6690000295639038,0
2020-09-18,^TNX,0.6759999990463257,0.7020000219345093,0.6460000276565552,0.6940000057220459,0
2020-09-25,^TNX,0.6610000133514404,0.6919999718666077,0.6480000019073486,0.6589999794960022,0
2020-10-02,^TNX,0.6710000038146973,0.7200000286102295,0.640999972820282,0.6959999799728394,0
2020-10-09,^TNX,0.7110000252723694,0.7990000247955322,0.7110000252723694,0.7749999761581421,0
2020-10-16,^TNX,0.7770000100135803,0.7770000100135803,0.6930000185966492,0.7440000176429749,0
2020-10-23,^TNX,0.7710000276565552,0.871999979019165,0.7570000290870667,0.8410000205039978,0
2020-10-30,^TNX,0.8180000185966492,0.8650000095367432,0.7459999918937683,0.8600000143051147,0
2020-11-06,^TNX,0.8539999723434448,0.8960000276565552,0.7480000257492065,0.8199999928474426,0
2020-11-13,^TNX,0.9179999828338623,0.9750000238418579,0.871999979019165,0.8930000066757202,0
2020-11-20,^TNX,0.9160000085830688,0.9210000038146973,0.8259999752044678,0.8289999961853027,0
2020-11-27,^TNX,0.8539999723434448,0.8880000114440918,0.8389999866485596,0.8420000076293945,0
2020-12-04,^TNX,0.8500000238418579,0.9860000014305115,0.8370000123977661,0.968999981880188,0
2020-12-11,^TNX,0.9480000138282776,0.9589999914169312,0.8730000257492065,0.8930000066757202,0
2020-12-18,^TNX,0.9300000071525574,0.953000009059906,0.8880000114440918,0.9480000138282776,0
2020-12-25,^TNX,0.8999999761581421,0.9729999899864197,0.8949999809265137,0.9279999732971191,0
2021-01-01,^TNX,0.953000009059906,0.9580000042915344,0.9120000004768372,0.9169999957084656,0
2021-01-08,^TNX,0.9350000023841858,1.1260000467300415,0.9070000052452087,1.1050000190734863,0
2021-01-15,^TNX,1.1150000095367432,1.187000036239624,1.0729999542236328,1.097000002861023,0
2021-01-22,^TNX,1.1130000352859497,1.1230000257492065,1.0820000171661377,1.090999960899353,0
2021-01-29,^TNX,1.0670000314712524,1.1050000190734863,1.0010000467300415,1.093000054359436,0
2021-02-05,^TNX,1.0789999961853027,1.187999963760376,1.059999942779541,1.1699999570846558,0
2021-02-12,^TNX,1.190999984741211,1.2020000219345093,1.13100004196167,1.2000000476837158,0
2021-02-19,^TNX,1.2450000047683716,1.3619999885559082,1.2450000047683716,1.3450000286102295,0
2021-02-26,^TNX,1.3589999675750732,1.6139999628067017,1.3259999752044678,1.4600000381469727,0
2021-03-05,^TNX,1.4509999752044678,1.6260000467300415,1.402999997138977,1.5540000200271606,0
2021-03-12,^TNX,1.5920000076293945,1.6419999599456787,1.496999979019165,1.6349999904632568,0
2021-03-19,^TNX,1.6269999742507935,1.753999948501587,1.5850000381469727,1.7319999933242798,0
2021-03-26,^TNX,1.6979999542236328,1.7020000219345093,1.590999960899353,1.659999966621399,0
2021-04-02,^TNX,1.6460000276565552,1.7649999856948853,1.6410000324249268,1.6790000200271606,0
2021-04-09,^TNX,1.7430000305175781,1.7450000047683716,1.628000020980835,1.6660000085830688,0
2021-04-16,^TNX,1.6749999523162842,1.6959999799728394,1.5290000438690186,1.5729999542236328,0
2021-04-23,^TNX,1.5870000123977661,1.6150000095367432,1.531000018119812,1.5670000314712524,0
2021-04-30,^TNX,1.5950000286102295,1.687999963760376,1.555999994277954,1.63100004196167,0
2021-05-07,^TNX,1.6510000228881836,1.6510000228881836,1.4709999561309814,1.5770000219345093,0
2021-05-14,^TNX,1.5770000219345093,1.7000000476837158,1.559999942779541,1.6349999904632568,0
2021-05-21,^TNX,1.6349999904632568,1.6920000314712524,1.6130000352859497,1.6319999694824219,0
2021-05-28,^TNX,1.6109999418258667,1.625,1.5520000457763672,1.5809999704360962,0
2021-06-04,^TNX,1.625,1.6390000581741333,1.5570000410079956,1.559999942779541,0
2021-06-11,^TNX,1.5809999704360962,1.5820000171661377,1.4500000476837158,1.4620000123977661,0
2021-06-18,^TNX,1.4639999866485596,1.593999981880188,1.437999963760376,1.4500000476837158,0
2021-06-25,^TNX,1.4520000219345093,1.5449999570846558,1.4520000219345093,1.5360000133514404,0
2021-07-02,^TNX,1.5089999437332153,1.5119999647140503,1.4259999990463257,1.430999994277954,0
2021-07-09,^TNX,1.4240000247955322,1.4270000457763672,1.2680000066757202,1.3559999465942383,0
2021-07-16,^TNX,1.343000054359436,1.4199999570846558,1.2920000553131104,1.2999999523162842,0
2021-07-23,^TNX,1.2269999980926514,1.312000036239624,1.128000020980835,1.2860000133514404,0
2021-07-30,^TNX,1.2549999952316284,1.284999966621399,1.2259999513626099,1.2389999628067017,0
2021-08-06,^TNX,1.2309999465942383,1.2999999523162842,1.128999948501587,1.2899999618530273,0
2021-08-13,^TNX,1.277999997138977,1.378999948501587,1.2680000066757202,1.2970000505447388,0
2021-08-20,^TNX,1.2730000019073486,1.2990000247955322,1.2230000495910645,1.2599999904632568,0
2021-08-27,^TNX,1.2669999599456787,1.375,1.2519999742507935,1.312000036239624,0
2021-09-03,^TNX,1.309999942779541,1.3359999656677246,1.2699999809265137,1.3220000267028809,0
2021-09-10,^TNX,1.3660000562667847,1.3849999904632568,1.2869999408721924,1.340999960899353,0
2021-09-17,^TNX,1.3380000591278076,1.3860000371932983,1.2599999904632568,1.3700000047683716,0
2021-09-24,^TNX,1.309000015258789,1.465999960899353,1.2970000505447388,1.4600000381469727,0
2021-10-01,^TNX,1.496000051498413,1.5670000314712524,1.4700000286102295,1.4789999723434448,0
2021-10-08,^TNX,1.4859999418258667,1.6169999837875366,1.4630000591278076,1.6050000190734863,0
2021-10-15,^TNX,1.6139999628067017,1.6150000095367432,1.5069999694824219,1.5759999752044678,0
2021-10-22,^TNX,1.5989999771118164,1.690999984741211,1.5770000219345093,1.6549999713897705,0
2021-10-29,^TNX,1.6540000438690186,1.6729999780654907,1.5199999809265137,1.5570000410079956,0
2021-11-05,^TNX,1.5870000123977661,1.6050000190734863,1.4500000476837158,1.4529999494552612,0
2021-11-12,^TNX,1.4830000400543213,1.5920000076293945,1.4149999618530273,1.5820000171661377,0
2021-11-19,^TNX,1.5529999732971191,1.6460000276565552,1.5210000276565552,1.5360000133514404,0
2021-11-26,^TNX,1.5750000476837158,1.6929999589920044,1.4730000495910645,1.4819999933242798,0
2021-12-03,^TNX,1.5470000505447388,1.565000057220459,1.343000054359436,1.343000054359436,0
2021-12-10,^TNX,1.3899999856948853,1.5369999408721924,1.3700000047683716,1.4889999628067017,0
2021-12-17,^TNX,1.468000054359436,1.4839999675750732,1.371999979019165,1.4019999504089355,0
2021-12-24,^TNX,1.3869999647140503,1.5010000467300415,1.375,1.4930000305175781,0
2021-12-31,^TNX,1.4889999628067017,1.5579999685287476,1.4550000429153442,1.5119999647140503,0
2022-01-07,^TNX,1.534000039100647,1.8009999990463257,1.5329999923706055,1.7710000276565552,0
2022-01-14,^TNX,1.774999976158142,1.8079999685287476,1.7059999704360962,1.7719999551773071,0
2022-01-21,^TNX,1.8270000219345093,1.8739999532699585,1.7330000400543213,1.746999979019165,0
2022-01-28,^TNX,1.7319999933242798,1.8569999933242798,1.7070000171661377,1.781999945640564,0
2022-02-04,^TNX,1.8029999732971191,1.9359999895095825,1.7430000305175781,1.9299999475479126,0
2022-02-11,^TNX,1.9210000038146973,2.062999963760376,1.909000039100647,1.9550000429153442,0
2022-02-18,^TNX,1.9630000591278076,2.065000057220459,1.9179999828338623,1.9320000410079956,0
2022-02-25,^TNX,1.944000005722046,2.010999917984009,1.8559999465942383,1.9859999418258667,0
2022-03-04,^TNX,1.9170000553131104,1.9199999570846558,1.6820000410079956,1.7239999771118164,0
2022-03-11,^TNX,1.7730000019073486,2.0209999084472656,1.718999981880188,2.003999948501587,0
2022-03-18,^TNX,2.078000068664551,2.246000051498413,2.069000005722046,2.1480000019073486,0
2022-03-25,^TNX,2.2070000171661377,2.503000020980835,2.2070000171661377,2.492000102996826,0
2022-04-01,^TNX,2.4639999866485596,2.496000051498413,2.311000108718872,2.377000093460083,0
2022-04-08,^TNX,2.4040000438690186,2.7279999256134033,2.371000051498413,2.7130000591278076,0
2022-04-15,^TNX,2.7690000534057617,2.8350000381469727,2.6459999084472656,2.828000068664551,0
2022-04-22,^TNX,2.861999988555908,2.9539999961853027,2.809999942779541,2.9059998989105225,0
2022-04-29,^TNX,2.8369998931884766,2.934000015258789,2.7239999771118164,2.88700008392334,0
2022-05-06,^TNX,2.921999931335449,3.13100004196167,2.9070000648498535,3.122999906539917,0
2022-05-13,^TNX,3.1630001068115234,3.1670000553131104,2.816999912261963,2.934999942779541,0
2022-05-20,^TNX,2.928999900817871,3.0139999389648438,2.7720000743865967,2.7869999408721924,0
2022-05-27,^TNX,2.8320000171661377,2.868000030517578,2.7079999446868896,2.743000030517578,0
2022-06-03,^TNX,2.8299999237060547,2.9860000610351562,2.828000068664551,2.9570000171661377,0
2022-06-10,^TNX,2.9700000286102295,3.177999973297119,2.9570000171661377,3.1559998989105225,0
2022-06-17,^TNX,3.2820000648498535,3.4830000400543213,3.197000026702881,3.239000082015991,0
2022-06-24,^TNX,3.2829999923706055,3.316999912261963,3.005000114440918,3.125,0
2022-07-01,^TNX,3.183000087738037,3.253000020980835,2.7909998893737793,2.8889999389648438,0
2022-07-08,^TNX,2.871000051498413,3.1010000705718994,2.746000051498413,3.1010000705718994,0
2022-07-15,^TNX,3.0490000247955322,3.071000099182129,2.8989999294281006,2.930000066757202,0
2022-07-22,^TNX,2.9600000381469727,3.0810000896453857,2.7320001125335693,2.7829999923706055,0
2022-07-29,^TNX,2.813999891281128,2.8450000286102295,2.618000030517578,2.6419999599456787,0
2022-08-05,^TNX,2.6579999923706055,2.86899995803833,2.5250000953674316,2.8399999141693115,0
2022-08-12,^TNX,2.7920000553131104,2.9019999504089355,2.6740000247955322,2.8489999771118164,0
2022-08-19,^TNX,2.803999900817871,2.997999906539917,2.759000062942505,2.989000082015991,0
2022-08-26,^TNX,2.9809999465942383,3.128000020980835,2.9649999141693115,3.0350000858306885,0
2022-09-02,^TNX,3.0989999771118164,3.2950000762939453,3.066999912261963,3.193000078201294,0
2022-09-09,^TNX,3.25,3.3529999256134033,3.2090001106262207,3.321000099182129,0
2022-09-16,^TNX,3.2679998874664307,3.490000009536743,3.26200008392334,3.447999954223633,0
2022-09-23,^TNX,3.509999990463257,3.7730000019073486,3.4630000591278076,3.697000026702881,0
2022-09-30,^TNX,3.7829999923706055,3.992000102996826,3.686000108718872,3.803999900817871,0
2022-10-07,^TNX,3.7119998931884766,3.9100000858306885,3.563999891281128,3.882999897003174,0
2022-10-14,^TNX,3.888000011444092,4.079999923706055,3.8440001010894775,4.010000228881836,0
2022-10-21,^TNX,3.938999891281128,4.333000183105469,3.9100000858306885,4.2129998207092285,0
2022-10-28,^TNX,4.191999912261963,4.290999889373779,3.9110000133514404,4.010000228881836,0
2022-11-04,^TNX,4.031000137329102,4.2230000495910645,3.9200000762939453,4.156000137329102,0
2022-11-11,^TNX,4.142000198364258,4.2179999351501465,3.812999963760376,3.812999963760376,0
2022-11-18,^TNX,3.884000062942505,3.9010000228881836,3.691999912261963,3.818000078201294,0
2022-11-25,^TNX,3.813999891281128,3.8359999656677246,3.680999994277954,3.690999984741211,0
2022-12-02,^TNX,3.683000087738037,3.7980000972747803,3.503999948501587,3.50600004196167,0
2022-12-09,^TNX,3.5299999713897705,3.611999988555908,3.4019999504089355,3.566999912261963,0
2022-12-16,^TNX,3.5429999828338623,3.630000114440918,3.4230000972747803,3.4820001125335693,0
2022-12-23,^TNX,3.559000015258789,3.753000020980835,3.552000045776367,3.750999927520752,0
2022-12-30,^TNX,3.7869999408721924,3.9049999713897705,3.7869999408721924,3.878999948501587,0
2023-01-06,^TNX,3.757999897003174,3.809999942779541,3.558000087738037,3.569000005722046,0
2023-01-13,^TNX,3.5889999866485596,3.6389999389648438,3.430000066757202,3.510999917984009,0
2023-01-20,^TNX,3.575000047683716,3.5789999961853027,3.372999906539917,3.4839999675750732,0
2023-01-27,^TNX,3.503000020980835,3.555999994277954,3.421999931335449,3.5179998874664307,0
2023-02-03,^TNX,3.552999973297119,3.5739998817443848,3.3340001106262207,3.5320000648498535,0
2023-02-10,^TNX,3.5989999771118164,3.746999979019165,3.575000047683716,3.74399995803833,0
2023-02-17,^TNX,3.746999979019165,3.9000000953674316,3.621999979019165,3.828000068664551,0
2023-02-24,^TNX,3.8940000534057617,3.9779999256134033,3.86299991607666,3.9489998817443848,0
2023-03-03,^TNX,3.9670000076293945,4.091000080108643,3.8970000743865967,3.9639999866485596,0
2023-03-10,^TNX,3.9049999713897705,4.017000198364258,3.6740000247955322,3.694999933242798,0
2023-03-17,^TNX,3.505000114440918,3.684999942779541,3.36899995803833,3.3949999809265137,0
2023-03-24,^TNX,3.3949999809265137,3.6440000534057617,3.2950000762939453,3.380000114440918,0
2023-03-31,^TNX,3.4700000286102295,3.609999895095825,3.4679999351501465,3.49399995803833,0
2023-04-07,^TNX,3.5169999599456787,3.5239999294281006,3.253000020980835,3.2880001068115234,0
2023-04-14,^TNX,3.365999937057495,3.5360000133514404,3.3420000076293945,3.5220000743865967,0
2023-04-21,^TNX,3.5490000247955322,3.6389999389648438,3.502000093460083,3.569999933242798,0
2023-04-28,^TNX,3.5450000762939453,3.5450000762939453,3.375,3.4519999027252197,0
2023-05-05,^TNX,3.500999927520752,3.5759999752044678,3.2960000038146973,3.446000099182129,0
2023-05-12,^TNX,3.490000009536743,3.5320000648498535,3.3450000286102295,3.4630000591278076,0
2023-05-19,^TNX,3.502000093460083,3.7209999561309814,3.4660000801086426,3.691999912261963,0
2023-05-26,^TNX,3.690000057220459,3.8589999675750732,3.6649999618530273,3.809999942779541,0
2023-06-02,^TNX,3.7119998931884766,3.753999948501587,3.569999933242798,3.690999984741211,0
2023-06-09,^TNX,3.753000020980835,3.821000099182129,3.6579999923706055,3.744999885559082,0
2023-06-16,^TNX,3.7339999675750732,3.8510000705718994,3.681999921798706,3.7690000534057617,0
2023-06-23,^TNX,3.73799991607666,3.809999942779541,3.691999912261963,3.739000082015991,0
2023-06-30,^TNX,3.7019999027252197,3.871999979019165,3.678999900817871,3.819000005722046,0
2023-07-07,^TNX,3.864000082015991,4.093999862670898,3.7780001163482666,4.050000190734863,0
2023-07-14,^TNX,4.052000045776367,4.0920000076293945,3.760999917984009,3.819000005722046,0
2023-07-21,^TNX,3.7790000438690186,3.874000072479248,3.734999895095825,3.8369998931884766,0
2023-07-28,^TNX,3.805999994277954,4.021999835968018,3.7980000972747803,3.9690001010894775,0
2023-08-04,^TNX,3.9670000076293945,4.205999851226807,3.927000045776367,4.059999942779541,0
2023-08-11,^TNX,4.11299991607666,4.168000221252441,3.9570000171661377,4.168000221252441,0
2023-08-18,^TNX,4.176000118255615,4.328000068664551,4.145999908447266,4.250999927520752,0
2023-08-25,^TNX,4.294000148773193,4.361999988555908,4.190000057220459,4.238999843597412,0
2023-09-01,^TNX,4.23199987411499,4.243000030517578,4.059999942779541,4.172999858856201,0
2023-09-08,^TNX,4.228000164031982,4.308000087738037,4.211999893188477,4.257999897003174,0
2023-09-15,^TNX,4.283999919891357,4.343999862670898,4.2230000495910645,4.322000026702881,0
2023-09-22,^TNX,4.336999893188477,4.489999771118164,4.310999870300293,4.438000202178955,0
2023-09-29,^TNX,4.505000114440918,4.688000202178955,4.482999801635742,4.572999954223633,0
2023-10-06,^TNX,4.63100004196167,4.88700008392334,4.626999855041504,4.783999919891357,0
2023-10-13,^TNX,4.796999931335449,4.796999931335449,4.5320000648498535,4.629000186920166,0
2023-10-20,^TNX,4.690999984741211,4.995999813079834,4.665999889373779,4.923999786376953,0
2023-10-27,^TNX,4.997000217437744,4.997000217437744,4.827000141143799,4.84499979019165,0
2023-11-03,^TNX,4.895999908447266,4.921999931335449,4.484000205993652,4.558000087738037,0
2023-11-10,^TNX,4.610000133514404,4.668000221252441,4.502999782562256,4.627999782562256,0
2023-11-17,^TNX,4.642000198364258,4.696000099182129,4.4039998054504395,4.440999984741211,0
2023-11-24,^TNX,4.4730000495910645,4.492000102996826,4.364999771118164,4.4720001220703125,0
2023-12-01,^TNX,4.456999778747559,4.460999965667725,4.210999965667725,4.22599983215332,0
2023-12-08,^TNX,4.243000030517578,4.298999786376953,4.105999946594238,4.244999885559082,0
2023-12-15,^TNX,4.27400016784668,4.293000221252441,3.884999990463257,3.927999973297119,0
2023-12-22,^TNX,3.9170000553131104,3.9709999561309814,3.8289999961853027,3.9010000228881836,0
2023-12-29,^TNX,3.9079999923706055,3.9079999923706055,3.7850000858306885,3.865999937057495,0
2024-01-05,^TNX,3.9690001010894775,4.098999977111816,3.8940000534057617,4.041999816894531,0
2024-01-12,^TNX,4.059000015258789,4.067999839782715,3.9159998893737793,3.950000047683716,0
2024-01-19,^TNX,4.002999782562256,4.197999954223633,3.990000009536743,4.145999908447266,0
2024-01-26,^TNX,4.0980000495910645,4.188000202178955,4.074999809265137,4.159999847412109,0
2024-02-02,^TNX,4.107999801635742,4.122000217437744,3.816999912261963,4.0329999923706055,0
2024-02-09,^TNX,4.111999988555908,4.192999839782715,4.065000057220459,4.186999797821045,0
2024-02-16,^TNX,4.1519999504089355,4.328000068664551,4.150000095367432,4.295000076293945,0
2024-02-23,^TNX,4.2829999923706055,4.354000091552734,4.24399995803833,4.260000228881836,0
2024-03-01,^TNX,4.24399995803833,4.321000099182129,4.177999973297119,4.179999828338623,0
2024-03-08,^TNX,4.218999862670898,4.235000133514404,4.038000106811523,4.089000225067139,0
2024-03-15,^TNX,4.077000141143799,4.320000171661377,4.074999809265137,4.303999900817871,0
2024-03-22,^TNX,4.314000129699707,4.3480000495910645,4.199999809265137,4.2179999351501465,0
2024-03-29,^TNX,4.23199987411499,4.2729997634887695,4.183000087738037,4.205999851226807,0
2024-04-05,^TNX,4.234000205993652,4.428999900817871,4.234000205993652,4.377999782562256,0
2024-04-12,^TNX,4.458000183105469,4.591000080108643,4.343999862670898,4.499000072479248,0
2024-04-19,^TNX,4.585000038146973,4.696000099182129,4.574999809265137,4.614999771118164,0
2024-04-26,^TNX,4.6519999504089355,4.736999988555908,4.567999839782715,4.669000148773193,0
2024-05-03,^TNX,4.625999927520752,4.685999870300293,4.453000068664551,4.5,0
2024-05-10,^TNX,4.486999988555908,4.515999794006348,4.422999858856201,4.504000186920166,0
2024-05-17,^TNX,4.486999988555908,4.5320000648498535,4.318999767303467,4.420000076293945,0
2024-05-24,^TNX,4.421999931335449,4.501999855041504,4.3979997634887695,4.4670000076293945,0
2024-05-31,^TNX,4.453000068664551,4.638000011444092,4.448999881744385,4.513999938964844,0
2024-06-07,^TNX,4.4730000495910645,4.4730000495910645,4.2769999504089355,4.429999828338623,0
2024-06-14,^TNX,4.453000068664551,4.479000091552734,4.188000202178955,4.2129998207092285,0
2024-06-21,^TNX,4.264999866485596,4.295000076293945,4.206999778747559,4.256999969482422,0
2024-06-28,^TNX,4.275000095367432,4.359000205993652,4.210999965667725,4.3429999351501465,0
2024-07-05,^TNX,4.423999786376953,4.493000030517578,4.270999908447266,4.271999835968018,0
2024-07-12,^TNX,4.306000232696533,4.328999996185303,4.168000221252441,4.189000129699707,0
2024-07-19,^TNX,4.236999988555908,4.249000072479248,4.144000053405762,4.238999843597412,0
2024-07-26,^TNX,4.224999904632568,4.291999816894531,4.191999912261963,4.199999809265137,0
2024-08-02,^TNX,4.163000106811523,4.185999870300293,3.7920000553131104,3.7920000553131104,0
2024-08-09,^TNX,3.697000026702881,4.021999835968018,3.6689999103546143,3.941999912261963,0
2024-08-16,^TNX,3.940000057220459,3.9670000076293945,3.811000108718872,3.8919999599456787,0
2024-08-23,^TNX,3.859999895095825,3.9000000953674316,3.763000011444092,3.806999921798706,0
2024-08-30,^TNX,3.809999942779541,3.9149999618530273,3.7739999294281006,3.9110000133514404,0
2024-09-06,^TNX,3.9149999618530273,3.9230000972747803,3.6480000019073486,3.7100000381469727,0
2024-09-13,^TNX,3.747999906539917,3.747999906539917,3.614000082015991,3.6500000953674316,0
2024-09-20,^TNX,3.638000011444092,3.7679998874664307,3.6029999256134033,3.7279999256134033,0
2024-09-27,^TNX,3.757999897003174,3.821000099182129,3.7279999256134033,3.749000072479248,0
2024-10-04,^TNX,3.7899999618530273,3.9809999465942383,3.696000099182129,3.9809999465942383,0
2024-10-11,^TNX,4.00600004196167,4.119999885559082,4.004000186920166,4.072999954223633,0
2024-10-18,^TNX,4.0980000495910645,4.110000133514404,3.994999885559082,4.072999954223633,0
2024-10-25,^TNX,4.138000011444092,4.257999897003174,4.124000072479248,4.23199987411499,0
2024-11-01,^TNX,4.248000144958496,4.364999771118164,4.197999954223633,4.361000061035156,0
2024-11-08,^TNX,4.281000137329102,4.4770002365112305,4.263000011444092,4.306000232696533,0
2024-11-15,^TNX,4.308000087738037,4.505000114440918,4.308000087738037,4.427999973297119,0
2024-11-22,^TNX,4.480999946594238,4.491000175476074,4.336999893188477,4.409999847412109,0
2024-11-29,^TNX,4.317999839782715,4.331999778747559,4.171999931335449,4.177999973297119,0
2024-12-06,^TNX,4.206999778747559,4.281000137329102,4.125999927520752,4.151000022888184,0
2024-12-13,^TNX,4.182000160217285,4.4029998779296875,4.164000034332275,4.39900016784668,0
2024-12-20,^TNX,4.36899995803833,4.593999862670898,4.361000061035156,4.52400016784668,0
2024-12-27,^TNX,4.550000190734863,4.640999794006348,4.533999919891357,4.61899995803833,0
2025-01-03,^TNX,4.577000141143799,4.599999904632568,4.517000198364258,4.5960001945495605,0
2025-01-10,^TNX,4.585000038146973,4.789999961853027,4.578999996185303,4.776000022888184,0
2025-01-17,^TNX,4.76800012588501,4.809000015258789,4.567999839782715,4.609000205993652,0
2025-01-24,^TNX,4.573999881744385,4.664000034332275,4.552000045776367,4.625999927520752,0
2025-01-31,^TNX,4.5320000648498535,4.591000080108643,4.48799991607666,4.568999767303467,0
2025-02-07,^TNX,4.50600004196167,4.5980000495910645,4.3979997634887695,4.486999988555908,0
2025-02-14,^TNX,4.491000175476074,4.659999847412109,4.447000026702881,4.4720001220703125,0
2025-02-21,^TNX,4.519000053405762,4.576000213623047,4.406000137329102,4.420000076293945,0
2025-02-28,^TNX,4.436999797821045,4.451000213623047,4.214000225067139,4.230999946594238,0
2025-03-07,^TNX,4.254000186920166,4.343999862670898,4.105999946594238,4.316999912261963,0
2025-03-14,^TNX,4.23199987411499,4.353000164031982,4.188000202178955,4.308000087738037,0
2025-03-21,^TNX,4.2789998054504395,4.339000225067139,4.173999786376953,4.251999855041504,0
2025-03-28,^TNX,4.302000045776367,4.38700008392334,4.250999927520752,4.255000114440918,0
2025-04-04,^TNX,4.203000068664551,4.258999824523926,3.885999917984009,3.984999895095825,0
2025-04-11,^TNX,3.9769999980926514,4.5920000076293945,3.9719998836517334,4.493000030517578,0
2025-04-18,^TNX,4.438000202178955,4.458000183105469,4.275000095367432,4.333000183105469,0
2025-04-25,^TNX,4.396999835968018,4.4070000648498535,4.250999927520752,4.265999794006348,0
2025-05-02,^TNX,4.28000020980835,4.331999778747559,4.124000072479248,4.322000026702881,0
2025-05-09,^TNX,4.301000118255615,4.3979997634887695,4.260000228881836,4.375,0
2025-05-16,^TNX,4.460999965667725,4.541999816894531,4.388000011444092,4.440999984741211,0
2025-05-23,^TNX,4.548999786376953,4.629000186920166,4.465000152587891,4.508999824523926,0
2025-05-30,^TNX,4.468999862670898,4.500999927520752,4.394000053405762,4.415999889373779,0
2025-06-06,^TNX,4.438000202178955,4.51200008392334,4.317999839782715,4.510000228881836,0
2025-06-13,^TNX,4.501999855041504,4.51800012588501,4.340000152587891,4.423999786376953,0
2025-06-20,^TNX,4.441999912261963,4.453999996185303,4.3460001945495605,4.375,0
2025-06-27,^TNX,4.361000061035156,4.370999813079834,4.239999771118164,4.2829999923706055,0
2025-07-04,^TNX,4.252999782562256,4.363999843597412,4.204999923706055,4.3480000495910645,0
2025-07-11,^TNX,4.363999843597412,4.434999942779541,4.340000152587891,4.422999858856201,0
2025-07-18,^TNX,4.433000087738037,4.493000030517578,4.395999908447266,4.432000160217285,0
2025-07-25,^TNX,4.368000030517578,4.441999912261963,4.328000068664551,4.386000156402588,0
2025-08-01,^TNX,4.400000095367432,4.420000076293945,4.216000080108643,4.21999979019165,0
2025-08-08,^TNX,4.223999977111816,4.289000034332275,4.188000202178955,4.284999847412109,0
2025-08-15,^TNX,4.269000053405762,4.331999778747559,4.203999996185303,4.328000068664551,0
2025-08-22,^TNX,4.297999858856201,4.35099983215332,4.242000102996826,4.260000228881836,0
2025-08-29,^TNX,4.281000137329102,4.295000076293945,4.203000068664551,4.2270002365112305,0
2025-09-05,^TNX,4.297999858856201,4.306000232696533,4.063000202178955,4.085999965667725,0
2025-09-12,^TNX,4.072000026702881,4.091000080108643,3.996000051498413,4.060999870300293,0
2025-09-19,^TNX,4.059000015258789,4.14300012588501,3.992000102996826,4.138999938964844,0
2025-09-26,^TNX,4.13100004196167,4.201000213623047,4.110000133514404,4.186999797821045,0
2025-10-03,^TNX,4.150000095367432,4.168000221252441,4.080999851226807,4.11899995803833,0
2025-10-10,^TNX,4.1620001792907715,4.171000003814697,4.044000148773193,4.051000118255615,0
2025-10-17,^TNX,4.051000118255615,4.051000118255615,3.9709999561309814,4.006999969482422,0
2025-10-24,^TNX,4.005000114440918,4.015999794006348,3.947000026702881,3.996999979019165,0
2025-10-31,^TNX,4.019999980926514,4.116000175476074,3.9700000286102295,4.10099983215332,0
2025-11-07,^TNX,4.105999946594238,4.160999774932861,4.065999984741211,4.0929999351501465,0
2025-11-14,^TNX,4.136000156402588,4.1479997634887695,4.056000232696533,4.1479997634887695,0
2025-11-21,^TNX,4.138999938964844,4.1620001792907715,4.053999900817871,4.063000202178955,0
2025-11-28,^TNX,4.056000232696533,4.060999870300293,3.98799991607666,4.017000198364258,0
2025-12-05,^TNX,4.050000190734863,4.144999980926514,4.050000190734863,4.138999938964844,0
2025-12-12,^TNX,4.14300012588501,4.203999996185303,4.1020002365112305,4.193999767303467,0
2025-12-19,^TNX,4.170000076293945,4.196000099182129,4.107999801635742,4.151000022888184,0
2025-12-26,^TNX,4.166999816894531,4.202000141143799,4.110000133514404,4.136000156402588,0
2026-01-02,^TNX,4.116000175476074,4.197000026702881,4.107999801635742,4.186999797821045,0
2026-01-09,^TNX,4.183000087738037,4.210999965667725,4.124000072479248,4.171000003814697,0
2026-01-16,^TNX,4.197000026702881,4.232999801635742,4.131999969482422,4.230999946594238,0
2026-01-23,^TNX,4.2789998054504395,4.310999870300293,4.232999801635742,4.238999843597412,0
2026-01-30,^TNX,4.2129998207092285,4.270999908447266,4.203000068664551,4.241000175476074,0
2026-02-06,^TNX,4.236000061035156,4.300000190734863,4.193999767303467,4.205999851226807,0
2026-02-13,^TNX,4.23799991607666,4.23799991607666,4.046000003814697,4.056000232696533,0
2026-02-20,^TNX,4.031000137329102,4.105999946594238,4.025000095367432,4.085999965667725,0
2026-02-27,^TNX,4.074999809265137,4.074999809265137,3.9560000896453857,3.9619998931884766,0
2026-03-06,^TNX,3.997999906539917,4.186999797821045,3.996000051498413,4.132999897003174,0
2026-03-13,^TNX,4.172999858856201,4.289999961853027,4.104000091552734,4.284999847412109,0
2026-03-20,^TNX,4.236000061035156,4.394000053405762,4.189000129699707,4.390999794006348,0
2026-03-27,^TNX,4.375999927520752,4.484000205993652,4.311999797821045,4.440000057220459,0
2026-04-03,^TNX,4.374000072479248,4.380000114440918,4.2870001792907715,4.313000202178955,0
2026-04-10,^TNX,4.360000133514404,4.380000114440918,4.234000205993652,4.316999912261963,0
2026-04-17,^TNX,4.348999977111816,4.35099983215332,4.22599983215332,4.245999813079834,0
2026-04-24,^TNX,4.26200008392334,4.353000164031982,4.24399995803833,4.309999942779541,0
2026-05-01,^TNX,4.311999797821045,4.432000160217285,4.309999942779541,4.377999782562256,0
2026-05-08,^TNX,4.400000095367432,4.464000225067139,4.314000129699707,4.363999843597412,0
2026-05-15,^TNX,4.392000198364258,4.598999977111816,4.377999782562256,4.59499979019165,0
2026-05-22,^TNX,4.598999977111816,4.686999797821045,4.5279998779296875,4.558000087738037,0
2026-05-29,^TNX,4.488999843597412,4.51200008392334,4.426000118255615,4.453000068664551,0
2026-06-05,^TNX,4.456999778747559,4.553999900817871,4.427999973297119,4.535999774932861,0
2026-06-12,^TNX,4.539999961853027,4.559999942779541,4.456999778747559,4.486999988555908,0
2026-06-19,^TNX,4.454999923706055,4.479000091552734,4.420000076293945,4.451000213623047,0
2016-06-24,^VIX,17.420000076293945,26.239999771118164,16.59000015258789,25.760000228881836,0
2016-07-01,^VIX,24.3799991607666,26.719999313354492,14.609999656677246,14.770000457763672,0
2016-07-08,^VIX,16.049999237060547,17.040000915527344,13.1899995803833,13.199999809265137,0
2016-07-15,^VIX,13.25,13.930000305175781,12.140000343322754,12.670000076293945,0
2016-07-22,^VIX,12.75,13.119999885559082,11.399999618530273,12.020000457763672,0
2016-07-29,^VIX,12.640000343322754,13.739999771118164,11.770000457763672,11.869999885559082,0
2016-08-05,^VIX,11.890000343322754,14.239999771118164,11.180000305175781,11.390000343322754,0
2016-08-12,^VIX,11.65999984741211,12.5,11.020000457763672,11.550000190734863,0
2016-08-19,^VIX,11.8100004196167,13.710000038146973,11.329999923706055,11.34000015258789,0
2016-08-26,^VIX,12.529999732971191,14.930000305175781,11.720000267028809,13.649999618530273,0
2016-09-02,^VIX,14.09000015258789,14.609999656677246,11.899999618530273,11.979999542236328,0
2016-09-09,^VIX,12.420000076293945,17.540000915527344,11.649999618530273,17.5,0
2016-09-16,^VIX,20.1299991607666,20.510000228881836,14.760000228881836,15.369999885559082,0
2016-09-23,^VIX,15.140000343322754,16.09000015258789,11.760000228881836,12.289999961853027,0
2016-09-30,^VIX,13.260000228881836,15.6899995803833,12.140000343322754,13.289999961853027,0
2016-10-07,^VIX,13.75,14.569999694824219,12.210000038146973,13.479999542236328,0
2016-10-14,^VIX,14.1899995803833,17.950000762939453,13.289999961853027,16.1200008392334,0
2016-10-21,^VIX,17.010000228881836,17.110000610351562,13.270000457763672,13.34000015258789,0
2016-10-28,^VIX,13.1899995803833,17.350000381469727,12.729999542236328,16.190000534057617,0
2016-11-04,^VIX,16.309999465942383,23.010000228881836,16.25,22.510000228881836,0
2016-11-11,^VIX,19.780000686645508,21.479999542236328,13.260000228881836,14.170000076293945,0
2016-11-18,^VIX,14.6899995803833,15.5600004196167,12.850000381469727,12.850000381469727,0
2016-11-25,^VIX,13.270000457763672,13.4399995803833,12.15999984741211,12.34000015258789,0
2016-12-02,^VIX,13.399999618530273,14.720000267028809,12.229999542236328,14.119999885559082,0
2016-12-09,^VIX,13.75,13.770000457763672,11.300000190734863,11.75,0
2016-12-16,^VIX,12.229999542236328,13.420000076293945,12.069999694824219,12.199999809265137,0
2016-12-23,^VIX,12.5,12.520000457763672,10.930000305175781,11.4399995803833,0
2016-12-30,^VIX,12.260000228881836,14.680000305175781,11.84000015258789,14.039999961853027,0
2017-01-06,^VIX,14.069999694824219,14.069999694824219,10.979999542236328,11.319999694824219,0
2017-01-13,^VIX,11.710000038146973,12.600000381469727,10.9399995803833,11.229999542236328,0
2017-01-20,^VIX,12.199999809265137,13.279999732971191,11.529999732971191,11.539999961853027,0
2017-01-27,^VIX,12.300000190734863,12.619999885559082,10.300000190734863,10.579999923706055,0
2017-02-03,^VIX,11.100000381469727,12.989999771118164,9.970000267028809,10.970000267028809,0
2017-02-10,^VIX,11.369999885559082,11.84000015258789,10.550000190734863,10.850000381469727,0
2017-02-17,^VIX,11.359999656677246,12.859999656677246,10.729999542236328,11.489999771118164,0
2017-02-24,^VIX,12.050000190734863,12.59000015258789,11.34000015258789,11.470000267028809,0
2017-03-03,^VIX,11.779999732971191,12.960000038146973,10.9399995803833,10.960000038146973,0
2017-03-10,^VIX,11.59000015258789,12.430000305175781,11.039999961853027,11.65999984741211,0
2017-03-17,^VIX,12.15999984741211,12.539999961853027,10.600000381469727,11.279999732971191,0
2017-03-24,^VIX,11.710000038146973,14.15999984741211,10.920000076293945,12.960000038146973,0
2017-03-31,^VIX,14.779999732971191,15.109999656677246,11.029999732971191,12.369999885559082,0
2017-04-07,^VIX,12.59000015258789,13.59000015258789,10.899999618530273,12.869999885559082,0
2017-04-14,^VIX,13.239999771118164,16.219999313354492,12.9399995803833,15.960000038146973,0
2017-04-21,^VIX,16.190000534057617,16.280000686645508,13.460000038146973,14.630000114440918,0
2017-04-28,^VIX,11.5600004196167,12.010000228881836,10.220000267028809,10.819999694824219,0
2017-05-05,^VIX,10.920000076293945,11.239999771118164,9.899999618530273,10.569999694824219,0
2017-05-12,^VIX,10.529999732971191,11.229999542236328,9.5600004196167,10.399999618530273,0
2017-05-19,^VIX,10.539999961853027,16.299999237060547,10.180000305175781,12.039999961853027,0
2017-05-26,^VIX,12.289999961853027,12.520000457763672,9.649999618530273,9.8100004196167,0
2017-06-02,^VIX,10.609999656677246,11.300000190734863,9.579999923706055,9.75,0
2017-06-09,^VIX,10.079999923706055,12.109999656677246,9.369999885559082,10.699999809265137,0
2017-06-16,^VIX,11.1899995803833,12.369999885559082,10.010000228881836,10.380000114440918,0
2017-06-23,^VIX,10.569999694824219,11.399999618530273,9.850000381469727,10.020000457763672,0
2017-06-30,^VIX,10.130000114440918,15.15999984741211,9.680000305175781,11.180000305175781,0
2017-07-07,^VIX,11.069999694824219,13.050000190734863,10.279999732971191,11.1899995803833,0
2017-07-14,^VIX,11.260000228881836,12.140000343322754,9.5,9.510000228881836,0
2017-07-21,^VIX,9.770000457763672,10.350000381469727,9.300000190734863,9.359999656677246,0
2017-07-28,^VIX,9.9399995803833,11.5,8.84000015258789,10.289999961853027,0
2017-08-04,^VIX,10.529999732971191,10.84000015258789,9.680000305175781,10.029999732971191,0
2017-08-11,^VIX,10.1899995803833,17.280000686645508,9.520000457763672,15.510000228881836,0
2017-08-18,^VIX,14.050000190734863,16.040000915527344,11.25,14.260000228881836,0
2017-08-25,^VIX,14.59000015258789,14.739999771118164,11.100000381469727,11.279999732971191,0
2017-09-01,^VIX,12.09000015258789,14.34000015258789,10.020000457763672,10.130000114440918,0
2017-09-08,^VIX,11.75,14.0600004196167,11.319999694824219,12.119999885559082,0
2017-09-15,^VIX,11.380000114440918,11.390000343322754,10.0,10.170000076293945,0
2017-09-22,^VIX,10.180000305175781,10.670000076293945,9.5,9.59000015258789,0
2017-09-29,^VIX,10.079999923706055,11.210000038146973,9.359999656677246,9.510000228881836,0
2017-10-06,^VIX,9.59000015258789,10.270000457763672,9.109999656677246,9.649999618530273,0
2017-10-13,^VIX,9.920000076293945,10.65999984741211,9.4399995803833,9.609999656677246,0
2017-10-20,^VIX,9.949999809265137,11.770000457763672,9.289999961853027,9.970000267028809,0
2017-10-27,^VIX,10.25,13.199999809265137,9.739999771118164,9.800000190734863,0
2017-11-03,^VIX,10.279999732971191,10.890000343322754,8.989999771118164,9.140000343322754,0
2017-11-10,^VIX,9.630000114440918,12.1899995803833,9.289999961853027,11.289999961853027,0
2017-11-17,^VIX,11.430000305175781,14.510000228881836,11.0,11.430000305175781,0
2017-11-24,^VIX,11.960000038146973,12.079999923706055,8.5600004196167,9.670000076293945,0
2017-12-01,^VIX,10.069999694824219,14.579999923706055,9.529999732971191,11.430000305175781,0
2017-12-08,^VIX,11.050000190734863,11.859999656677246,9.430000305175781,9.579999923706055,0
2017-12-15,^VIX,9.739999771118164,10.539999961853027,9.210000038146973,9.420000076293945,0
2017-12-22,^VIX,9.460000038146973,10.180000305175781,8.899999618530273,9.899999618530273,0
2017-12-29,^VIX,10.1899995803833,11.0600004196167,9.710000038146973,11.039999961853027,0
2018-01-05,^VIX,10.949999809265137,11.069999694824219,8.920000076293945,9.220000267028809,0
2018-01-12,^VIX,9.609999656677246,10.850000381469727,9.319999694824219,10.15999984741211,0
2018-01-19,^VIX,10.420000076293945,12.8100004196167,10.399999618530273,11.270000457763672,0
2018-01-26,^VIX,11.59000015258789,12.1899995803833,10.760000228881836,11.079999923706055,0
2018-02-02,^VIX,11.710000038146973,17.860000610351562,11.680000305175781,17.309999465942383,0
2018-02-09,^VIX,18.440000534057617,50.29999923706055,16.799999237060547,29.059999465942383,0
2018-02-16,^VIX,27.25,29.700000762939453,17.440000534057617,19.459999084472656,0
2018-02-23,^VIX,20.530000686645508,21.610000610351562,16.469999313354492,16.489999771118164,0
2018-03-02,^VIX,16.530000686645508,26.219999313354492,15.289999961853027,19.59000015258789,0
2018-03-09,^VIX,21.549999237060547,21.56999969482422,13.3100004196167,14.640000343322754,0
2018-03-16,^VIX,15.279999732971191,17.59000015258789,14.9399995803833,15.800000190734863,0
2018-03-23,^VIX,16.6299991607666,26.010000228881836,16.260000228881836,24.8700008392334,0
2018-03-30,^VIX,23.40999984741211,24.940000534057617,19.600000381469727,19.969999313354492,0
2018-04-06,^VIX,21.06999969482422,25.719999313354492,18.56999969482422,21.489999771118164,0
2018-04-13,^VIX,21.270000457763672,22.020000457763672,17.260000228881836,17.40999984741211,0
2018-04-20,^VIX,17.59000015258789,17.65999984741211,14.569999694824219,16.8799991607666,0
2018-04-27,^VIX,17.290000915527344,19.84000015258789,15.25,15.40999984741211,0
2018-05-04,^VIX,15.3100004196167,18.65999984741211,10.90999984741211,14.770000457763672,0
2018-05-11,^VIX,15.050000190734863,15.5600004196167,12.649999618530273,12.649999618530273,0
2018-05-18,^VIX,13.09000015258789,15.010000228881836,12.5,13.420000076293945,0
2018-05-25,^VIX,12.989999771118164,14.600000381469727,12.289999961853027,13.220000267028809,0
2018-06-01,^VIX,14.390000343322754,18.780000686645508,13.369999885559082,13.460000038146973,0
2018-06-08,^VIX,13.90999984741211,13.90999984741211,11.220000267028809,12.180000305175781,0
2018-06-15,^VIX,12.520000457763672,13.15999984741211,11.880000114440918,11.979999542236328,0
2018-06-22,^VIX,12.789999961853027,15.180000305175781,12.180000305175781,13.770000457763672,0
2018-06-29,^VIX,15.069999694824219,19.610000610351562,14.5600004196167,16.09000015258789,0
2018-07-06,^VIX,17.700000762939453,18.079999923706055,13.34000015258789,13.369999885559082,0
2018-07-13,^VIX,13.020000457763672,14.149999618530273,11.619999885559082,12.180000305175781,0
2018-07-20,^VIX,12.770000457763672,13.579999923706055,11.4399995803833,12.859999656677246,0
2018-07-27,^VIX,13.470000267028809,14.260000228881836,11.600000381469727,13.029999732971191,0
2018-08-03,^VIX,13.630000114440918,14.529999732971191,11.069999694824219,11.640000343322754,0
2018-08-10,^VIX,11.90999984741211,13.819999694824219,10.170000076293945,13.15999984741211,0
2018-08-17,^VIX,14.5,16.860000610351562,12.399999618530273,12.640000343322754,0
2018-08-24,^VIX,12.569999694824219,13.289999961853027,11.649999618530273,11.989999771118164,0
2018-08-31,^VIX,12.369999885559082,14.029999732971191,11.869999885559082,12.859999656677246,0
2018-09-07,^VIX,13.130000114440918,15.630000114440918,13.119999885559082,14.880000114440918,0
2018-09-14,^VIX,15.09000015258789,15.199999809265137,11.930000305175781,12.069999694824219,0
2018-09-21,^VIX,12.720000267028809,13.75,11.100000381469727,11.680000305175781,0
2018-09-28,^VIX,12.460000038146973,13.220000267028809,11.550000190734863,12.119999885559082,0
2018-10-05,^VIX,11.989999771118164,17.360000610351562,11.34000015258789,14.819999694824219,0
2018-10-12,^VIX,16.049999237060547,28.84000015258789,15.270000457763672,21.309999465942383,0
2018-10-19,^VIX,21.969999313354492,22.889999389648438,17.059999465942383,19.889999389648438,0
2018-10-26,^VIX,19.3799991607666,27.520000457763672,18.81999969482422,24.15999984741211,0
2018-11-02,^VIX,24.479999542236328,27.860000610351562,18.049999237060547,19.510000228881836,0
2018-11-09,^VIX,20.579999923706055,20.8700008392334,16.09000015258789,17.360000610351562,0
2018-11-16,^VIX,17.260000228881836,22.969999313354492,17.25,18.139999389648438,0
2018-11-23,^VIX,18.780000686645508,23.809999465942383,18.520000457763672,21.520000457763672,0
2018-11-30,^VIX,20.780000686645508,20.799999237060547,18.030000686645508,18.06999969482422,0
2018-12-07,^VIX,16.040000915527344,25.940000534057617,15.9399995803833,23.229999542236328,0
2018-12-14,^VIX,23.950000762939453,25.940000534057617,20.34000015258789,21.6299991607666,0
2018-12-21,^VIX,22.360000610351562,31.350000381469727,21.969999313354492,30.110000610351562,0
2018-12-28,^VIX,29.290000915527344,36.20000076293945,27.43000030517578,28.34000015258789,0
2019-01-04,^VIX,27.59000015258789,28.530000686645508,21.190000534057617,21.3799991607666,0
2019-01-11,^VIX,22.059999465942383,22.799999237060547,18.1200008392334,18.190000534057617,0
2019-01-18,^VIX,19.84000015258789,20.270000457763672,17.170000076293945,17.799999237060547,0
2019-01-25,^VIX,18.530000686645508,22.020000457763672,17.309999465942383,17.420000076293945,0
2019-02-01,^VIX,18.559999465942383,20.420000076293945,16.079999923706055,16.139999389648438,0
2019-02-08,^VIX,16.719999313354492,17.889999389648438,15.039999961853027,15.720000267028809,0
2019-02-15,^VIX,16.170000076293945,17.270000457763672,14.789999961853027,14.90999984741211,0
2019-02-22,^VIX,15.649999618530273,16.15999984741211,13.510000228881836,13.510000228881836,0
2019-03-01,^VIX,13.90999984741211,16.170000076293945,13.40999984741211,13.569999694824219,0
2019-03-08,^VIX,13.770000457763672,18.329999923706055,13.380000114440918,16.049999237060547,0
2019-03-15,^VIX,16.280000686645508,16.43000030517578,12.5,12.880000114440918,0
2019-03-22,^VIX,13.130000114440918,17.520000457763672,12.369999885559082,16.479999542236328,0
2019-03-29,^VIX,17.760000228881836,17.850000381469727,13.640000343322754,13.710000038146973,0
2019-04-05,^VIX,13.899999618530273,14.270000457763672,12.170000076293945,12.819999694824219,0
2019-04-12,^VIX,13.550000190734863,14.390000343322754,11.949999809265137,12.010000228881836,0
2019-04-19,^VIX,12.460000038146973,13.140000343322754,11.029999732971191,12.09000015258789,0
2019-04-26,^VIX,13.210000038146973,14.300000190734863,12.079999923706055,12.729999542236328,0
2019-05-03,^VIX,13.039999961853027,15.920000076293945,12.649999618530273,12.869999885559082,0
2019-05-10,^VIX,12.890000343322754,23.3799991607666,12.890000343322754,16.040000915527344,0
2019-05-17,^VIX,18.6200008392334,21.31999969482422,14.859999656677246,15.960000038146973,0
2019-05-24,^VIX,15.880000114440918,18.049999237060547,14.420000076293945,15.850000381469727,0
2019-05-31,^VIX,16.549999237060547,19.719999313354492,15.899999618530273,18.709999084472656,0
2019-06-07,^VIX,19.40999984741211,19.75,15.329999923706055,16.299999237060547,0
2019-06-14,^VIX,16.299999237060547,16.700000762939453,15.210000038146973,15.279999732971191,0
2019-06-21,^VIX,15.649999618530273,16.030000686645508,13.1899995803833,15.399999618530273,0
2019-06-28,^VIX,15.460000038146973,16.68000030517578,15.079999923706055,15.079999923706055,0
2019-07-05,^VIX,13.850000381469727,14.640000343322754,12.039999961853027,13.279999732971191,0
2019-07-12,^VIX,13.729999542236328,14.710000038146973,12.279999732971191,12.390000343322754,0
2019-07-19,^VIX,12.579999923706055,14.5,12.239999771118164,14.449999809265137,0
2019-07-26,^VIX,14.550000190734863,14.699999809265137,11.6899995803833,12.15999984741211,0
2019-08-02,^VIX,12.149999618530273,20.110000610351562,12.149999618530273,17.610000610351562,0
2019-08-09,^VIX,19.959999084472656,24.809999465942383,16.81999969482422,17.969999313354492,0
2019-08-16,^VIX,17.8700008392334,24.100000381469727,17.520000457763672,18.469999313354492,0
2019-08-23,^VIX,17.93000030517578,21.06999969482422,15.510000228881836,19.8700008392334,0
2019-08-30,^VIX,20.34000015258789,21.639999389648438,17.09000015258789,18.979999542236328,0
2019-09-06,^VIX,20.959999084472656,21.149999618530273,14.90999984741211,15.0,0
2019-09-13,^VIX,15.260000228881836,16.520000457763672,13.510000228881836,13.739999771118164,0
2019-09-20,^VIX,14.890000343322754,15.84000015258789,13.3100004196167,15.319999694824219,0
2019-09-27,^VIX,15.350000381469727,18.690000534057617,14.329999923706055,17.219999313354492,0
2019-10-04,^VIX,17.229999542236328,21.459999084472656,15.789999961853027,17.040000915527344,0
2019-10-11,^VIX,18.270000457763672,20.3799991607666,15.109999656677246,15.579999923706055,0
2019-10-18,^VIX,15.65999984741211,16.5,13.3100004196167,14.25,0
2019-10-25,^VIX,14.239999771118164,15.119999885559082,12.619999885559082,12.649999618530273,0
2019-11-01,^VIX,13.010000228881836,13.949999809265137,12.260000228881836,12.300000190734863,0
2019-11-08,^VIX,12.680000305175781,13.390000343322754,12.0,12.069999694824219,0
2019-11-15,^VIX,13.149999618530273,13.899999618530273,11.920000076293945,12.050000190734863,0
2019-11-22,^VIX,12.390000343322754,14.170000076293945,12.15999984741211,12.34000015258789,0
2019-11-29,^VIX,12.510000228881836,12.829999923706055,11.420000076293945,12.619999885559082,0
2019-12-06,^VIX,12.6899995803833,17.989999771118164,12.550000190734863,13.619999885559082,0
2019-12-13,^VIX,14.25,16.899999618530273,12.25,12.630000114440918,0
2019-12-20,^VIX,12.470000267028809,12.779999732971191,11.710000038146973,12.510000228881836,0
2019-12-27,^VIX,12.8100004196167,13.720000267028809,11.720000267028809,13.430000305175781,0
2020-01-03,^VIX,13.739999771118164,16.200000762939453,12.420000076293945,14.020000457763672,0
2020-01-10,^VIX,15.449999809265137,16.389999389648438,12.09000015258789,12.5600004196167,0
2020-01-17,^VIX,12.84000015258789,13.819999694824219,11.75,12.100000381469727,0
2020-01-24,^VIX,13.229999542236328,15.979999542236328,12.3100004196167,14.5600004196167,0
2020-01-31,^VIX,17.420000076293945,19.989999771118164,14.9399995803833,18.84000015258789,0
2020-02-07,^VIX,18.639999389648438,18.8799991607666,14.699999809265137,15.470000267028809,0
2020-02-14,^VIX,15.880000114440918,16.43000030517578,13.380000114440918,13.680000305175781,0
2020-02-21,^VIX,14.979999542236328,18.209999084472656,14.210000038146973,17.079999923706055,0
2020-02-28,^VIX,22.25,49.47999954223633,22.0,40.11000061035156,0
2020-03-06,^VIX,38.540000915527344,54.38999938964844,24.93000030517578,41.939998626708984,0
2020-03-13,^VIX,41.939998626708984,77.56999969482422,41.939998626708984,57.83000183105469,0
2020-03-20,^VIX,57.83000183105469,85.47000122070312,57.41999816894531,66.04000091552734,0
2020-03-27,^VIX,74.08000183105469,76.73999786376953,36.2400016784668,65.54000091552734,0
2020-04-03,^VIX,66.30000305175781,67.69000244140625,46.7400016784668,46.79999923706055,0
2020-04-10,^VIX,44.16999816894531,47.5099983215332,41.38999938964844,41.66999816894531,0
2020-04-17,^VIX,44.599998474121094,45.040000915527344,37.310001373291016,38.150001525878906,0
2020-04-24,^VIX,40.68000030517578,47.77000045776367,35.599998474121094,35.93000030517578,0
2020-05-01,^VIX,36.290000915527344,39.56999969482422,30.540000915527344,37.189998626708984,0
2020-05-08,^VIX,39.130001068115234,40.31999969482422,27.889999389648438,27.979999542236328,0
2020-05-15,^VIX,28.459999084472656,39.279998779296875,26.0,31.889999389648438,0
2020-05-22,^VIX,30.709999084472656,31.549999237060547,27.670000076293945,28.15999984741211,0
2020-05-29,^VIX,27.719999313354492,30.530000686645508,25.920000076293945,27.510000228881836,0
2020-06-05,^VIX,28.940000534057617,30.600000381469727,23.540000915527344,24.520000457763672,0
2020-06-12,^VIX,25.559999465942383,44.15999984741211,24.649999618530273,36.09000015258789,0
2020-06-19,^VIX,44.09000015258789,44.439998626708984,30.399999618530273,35.119998931884766,0
2020-06-26,^VIX,35.220001220703125,37.119998931884766,29.260000228881836,34.72999954223633,0
2020-07-03,^VIX,35.04999923706055,36.310001373291016,25.899999618530273,27.68000030517578,0
2020-07-10,^VIX,27.760000228881836,31.479999542236328,24.920000076293945,27.290000915527344,0
2020-07-17,^VIX,27.850000381469727,33.66999816894531,25.40999984741211,25.68000030517578,0
2020-07-24,^VIX,26.940000534057617,28.579999923706055,23.600000381469727,25.84000015258789,0
2020-07-31,^VIX,26.600000381469727,28.290000915527344,23.549999237060547,24.459999084472656,0
2020-08-07,^VIX,25.75,26.010000228881836,20.969999313354492,22.209999084472656,0
2020-08-14,^VIX,22.8799991607666,24.93000030517578,20.280000686645508,22.049999237060547,0
2020-08-21,^VIX,22.520000457763672,24.600000381469727,20.989999771118164,22.540000915527344,0
2020-08-28,^VIX,22.8700008392334,27.09000015258789,20.920000076293945,22.959999084472656,0
2020-09-04,^VIX,23.90999984741211,38.279998779296875,21.770000457763672,30.75,0
2020-09-11,^VIX,30.610000610351562,35.93000030517578,26.510000228881836,26.8700008392334,0
2020-09-18,^VIX,25.860000610351562,28.920000076293945,24.84000015258789,25.829999923706055,0
2020-09-25,^VIX,28.040000915527344,31.18000030517578,25.190000534057617,26.3799991607666,0
2020-10-02,^VIX,27.149999618530273,29.899999618530273,24.899999618530273,27.6299991607666,0
2020-10-09,^VIX,29.520000457763672,30.0,24.030000686645508,25.0,0
2020-10-16,^VIX,25.649999618530273,29.059999465942383,24.139999389648438,27.40999984741211,0
2020-10-23,^VIX,27.360000610351562,30.549999237060547,27.040000915527344,27.549999237060547,0
2020-10-30,^VIX,29.3799991607666,41.15999984741211,29.219999313354492,38.02000045776367,0
2020-11-06,^VIX,38.56999969482422,38.779998779296875,24.559999465942383,24.860000610351562,0
2020-11-13,^VIX,24.799999237060547,27.270000457763672,22.40999984741211,23.100000381469727,0
2020-11-20,^VIX,23.65999984741211,24.520000457763672,21.65999984741211,23.700000762939453,0
2020-11-27,^VIX,23.65999984741211,23.959999084472656,19.510000228881836,20.84000015258789,0
2020-12-04,^VIX,22.639999389648438,22.889999389648438,19.969999313354492,20.790000915527344,0
2020-12-11,^VIX,22.040000915527344,25.139999389648438,20.100000381469727,23.309999465942383,0
2020-12-18,^VIX,22.670000076293945,24.81999969482422,21.520000457763672,21.56999969482422,0
2020-12-25,^VIX,24.25,31.459999084472656,21.389999389648438,21.530000686645508,0
2021-01-01,^VIX,22.110000610351562,23.719999313354492,20.989999771118164,22.75,0
2021-01-08,^VIX,23.040000915527344,29.190000534057617,21.420000076293945,21.559999465942383,0
2021-01-15,^VIX,23.309999465942383,25.799999237060547,21.65999984741211,24.34000015258789,0
2021-01-22,^VIX,23.030000686645508,23.729999542236328,21.09000015258789,21.90999984741211,0
2021-01-29,^VIX,22.309999465942383,37.5099983215332,22.200000762939453,33.09000015258789,0
2021-02-05,^VIX,31.450000762939453,33.959999084472656,20.860000610351562,20.8700008392334,0
2021-02-12,^VIX,21.889999389648438,23.850000381469727,19.690000534057617,19.969999313354492,0
2021-02-19,^VIX,21.1299991607666,24.229999542236328,20.84000015258789,22.049999237060547,0
2021-02-26,^VIX,24.459999084472656,31.15999984741211,21.309999465942383,27.950000762939453,0
2021-03-05,^VIX,25.200000762939453,31.899999618530273,22.450000762939453,24.65999984741211,0
2021-03-12,^VIX,27.610000610351562,28.389999389648438,20.6299991607666,20.690000534057617,0
2021-03-19,^VIX,21.84000015258789,23.170000076293945,18.950000762939453,20.950000762939453,0
2021-03-26,^VIX,21.90999984741211,23.549999237060547,18.68000030517578,18.860000610351562,0
2021-04-02,^VIX,20.399999618530273,21.75,17.290000915527344,17.329999923706055,0
2021-04-09,^VIX,18.15999984741211,18.399999618530273,16.200000762939453,16.690000534057617,0
2021-04-16,^VIX,17.43000030517578,17.90999984741211,15.380000114440918,16.25,0
2021-04-23,^VIX,17.040000915527344,19.899999618530273,16.780000686645508,17.329999923706055,0
2021-04-30,^VIX,17.940000534057617,19.25,16.670000076293945,18.610000610351562,0
2021-05-07,^VIX,18.649999618530273,21.850000381469727,16.68000030517578,16.690000534057617,0
2021-05-14,^VIX,17.34000015258789,28.93000030517578,17.06999969482422,18.809999465942383,0
2021-05-21,^VIX,19.889999389648438,25.959999084472656,18.809999465942383,20.149999618530273,0
2021-05-28,^VIX,20.5,20.510000228881836,15.899999618530273,16.760000228881836,0
2021-06-04,^VIX,17.239999771118164,19.270000457763672,15.680000305175781,16.420000076293945,0
2021-06-11,^VIX,17.34000015258789,18.290000915527344,15.149999618530273,15.649999618530273,0
2021-06-18,^VIX,16.040000915527344,21.040000915527344,15.039999961853027,20.700000762939453,0
2021-06-25,^VIX,21.739999771118164,21.81999969482422,14.1899995803833,15.619999885559082,0
2021-07-02,^VIX,16.06999969482422,17.309999465942383,14.100000381469727,15.069999694824219,0
2021-07-09,^VIX,15.770000457763672,21.290000915527344,15.729999542236328,16.18000030517578,0
2021-07-16,^VIX,16.850000381469727,18.700000762939453,15.9399995803833,18.450000762939453,0
2021-07-23,^VIX,19.610000610351562,25.09000015258789,16.329999923706055,17.200000762939453,0
2021-07-30,^VIX,18.670000076293945,20.440000534057617,17.190000534057617,18.239999771118164,0
2021-08-06,^VIX,18.15999984741211,20.440000534057617,16.139999389648438,16.149999618530273,0
2021-08-13,^VIX,17.1200008392334,17.389999389648438,15.1899995803833,15.449999809265137,0
2021-08-20,^VIX,17.049999237060547,24.739999771118164,16.020000457763672,18.559999465942383,0
2021-08-27,^VIX,18.829999923706055,19.270000457763672,16.110000610351562,16.389999389648438,0
2021-09-03,^VIX,16.770000457763672,17.06999969482422,15.680000305175781,16.40999984741211,0
2021-09-10,^VIX,16.940000534057617,21.1299991607666,16.889999389648438,20.950000762939453,0
2021-09-17,^VIX,19.639999389648438,21.510000228881836,17.649999618530273,20.809999465942383,0
2021-09-24,^VIX,24.25,28.790000915527344,17.6299991607666,17.75,0
2021-10-01,^VIX,17.780000686645508,24.889999389648438,17.739999771118164,21.100000381469727,0
2021-10-08,^VIX,22.899999618530273,24.579999923706055,18.200000762939453,18.770000457763672,0
2021-10-15,^VIX,19.93000030517578,20.809999465942383,15.720000267028809,16.299999237060547,0
2021-10-22,^VIX,17.290000915527344,17.93000030517578,14.84000015258789,15.430000305175781,0
2021-10-29,^VIX,16.139999389648438,18.059999465942383,14.899999618530273,16.260000228881836,0
2021-11-05,^VIX,16.850000381469727,17.700000762939453,14.729999542236328,16.479999542236328,0
2021-11-12,^VIX,17.229999542236328,19.899999618530273,16.149999618530273,16.290000915527344,0
2021-11-19,^VIX,17.030000686645508,19.010000228881836,16.030000686645508,17.90999984741211,0
2021-11-26,^VIX,18.200000762939453,28.989999771118164,17.350000381469727,28.6200008392334,0
2021-12-03,^VIX,25.309999465942383,35.31999969482422,21.709999084472656,30.670000076293945,0
2021-12-10,^VIX,28.989999771118164,30.81999969482422,18.690000534057617,18.690000534057617,0
2021-12-17,^VIX,19.290000915527344,23.469999313354492,18.190000534057617,21.56999969482422,0
2021-12-24,^VIX,25.889999389648438,27.389999389648438,17.6200008392334,17.959999084472656,0
2021-12-31,^VIX,19.3700008392334,19.40999984741211,16.6200008392334,17.219999313354492,0
2022-01-07,^VIX,17.600000381469727,21.059999465942383,16.34000015258789,18.760000228881836,0
2022-01-14,^VIX,19.579999923706055,23.329999923706055,17.360000610351562,19.190000534057617,0
2022-01-21,^VIX,21.18000030517578,29.790000915527344,21.18000030517578,28.850000381469727,0
2022-01-28,^VIX,28.200000762939453,38.939998626708984,26.899999618530273,27.65999984741211,0
2022-02-04,^VIX,28.360000610351562,29.40999984741211,20.459999084472656,23.219999313354492,0
2022-02-11,^VIX,24.09000015258789,30.989999771118164,19.93000030517578,27.360000610351562,0
2022-02-18,^VIX,29.170000076293945,32.040000915527344,23.8799991607666,27.75,0
2022-02-25,^VIX,31.799999237060547,37.790000915527344,26.93000030517578,27.59000015258789,0
2022-03-04,^VIX,32.439998626708984,35.189998626708984,28.43000030517578,31.979999542236328,0
2022-03-11,^VIX,35.880001068115234,37.52000045776367,28.84000015258789,30.75,0
2022-03-18,^VIX,31.030000686645508,33.83000183105469,23.850000381469727,23.8700008392334,0
2022-03-25,^VIX,25.139999389648438,25.360000610351562,20.799999237060547,20.809999465942383,0
2022-04-01,^VIX,22.139999389648438,23.329999923706055,18.670000076293945,19.6299991607666,0
2022-04-08,^VIX,20.75,24.780000686645508,18.450000762939453,21.15999984741211,0
2022-04-15,^VIX,23.09000015258789,25.3799991607666,20.850000381469727,22.700000762939453,0
2022-04-22,^VIX,24.520000457763672,28.270000457763672,19.75,28.209999084472656,0
2022-04-29,^VIX,30.040000915527344,34.34000015258789,26.799999237060547,33.400001525878906,0
2022-05-06,^VIX,33.349998474121094,36.63999938964844,24.940000534057617,30.190000534057617,0
2022-05-13,^VIX,31.899999618530273,35.47999954223633,28.780000686645508,28.8700008392334,0
2022-05-20,^VIX,30.010000228881836,33.11000061035156,25.510000228881836,29.43000030517578,0
2022-05-27,^VIX,28.979999542236328,31.06999969482422,25.56999969482422,25.719999313354492,0
2022-06-03,^VIX,27.469999313354492,28.350000381469727,24.329999923706055,24.790000915527344,0
2022-06-10,^VIX,25.3700008392334,29.6299991607666,23.739999771118164,27.75,0
2022-06-17,^VIX,31.3700008392334,35.04999923706055,27.760000228881836,31.1299991607666,0
2022-06-24,^VIX,30.6299991607666,31.56999969482422,26.829999923706055,27.229999542236328,0
2022-07-01,^VIX,28.299999237060547,30.219999313354492,26.469999313354492,26.700000762939453,0
2022-07-08,^VIX,27.3700008392334,29.81999969482422,24.43000030517578,24.639999389648438,0
2022-07-15,^VIX,26.420000076293945,29.059999465942383,24.1299991607666,24.229999542236328,0
2022-07-22,^VIX,24.829999923706055,25.90999984741211,22.40999984741211,23.030000686645508,0
2022-07-29,^VIX,24.329999923706055,25.309999465942383,21.209999084472656,21.329999923706055,0
2022-08-05,^VIX,22.40999984741211,24.68000030517578,20.760000228881836,21.149999618530273,0
2022-08-12,^VIX,21.739999771118164,22.34000015258789,19.1200008392334,19.530000686645508,0
2022-08-19,^VIX,20.739999771118164,21.270000457763672,19.40999984741211,20.600000381469727,0
2022-08-26,^VIX,22.40999984741211,25.899999618530273,21.670000076293945,25.559999465942383,0
2022-09-02,^VIX,26.860000610351562,27.690000534057617,23.190000534057617,25.469999313354492,0
2022-09-09,^VIX,25.459999084472656,27.799999237060547,22.639999389648438,22.790000915527344,0
2022-09-16,^VIX,23.579999923706055,28.450000762939453,23.15999984741211,26.299999237060547,0
2022-09-23,^VIX,27.690000534057617,32.310001373291016,25.549999237060547,29.920000076293945,0
2022-09-30,^VIX,31.739999771118164,34.880001068115234,29.389999389648438,31.6200008392334,0
2022-10-07,^VIX,33.0,33.060001373291016,28.5,31.360000610351562,0
2022-10-14,^VIX,32.93000030517578,34.529998779296875,31.139999389648438,32.02000045776367,0
2022-10-21,^VIX,32.27000045776367,32.59000015258789,29.239999771118164,29.690000534057617,0
2022-10-28,^VIX,30.649999618530273,30.950000762939453,25.75,25.75,0
2022-11-04,^VIX,26.90999984741211,27.06999969482422,24.0,24.549999237060547,0
2022-11-11,^VIX,25.670000076293945,26.59000015258789,22.3700008392334,22.520000457763672,0
2022-11-18,^VIX,23.989999771118164,26.219999313354492,22.860000610351562,23.1200008392334,0
2022-11-25,^VIX,24.049999237060547,24.1200008392334,20.31999969482422,20.5,0
2022-12-02,^VIX,22.09000015258789,22.6299991607666,18.950000762939453,19.059999465942383,0
2022-12-09,^VIX,20.299999237060547,23.280000686645508,19.780000686645508,22.829999923706055,0
2022-12-16,^VIX,24.399999618530273,25.84000015258789,21.06999969482422,22.6200008392334,0
2022-12-23,^VIX,22.6299991607666,24.299999237060547,19.940000534057617,20.8700008392334,0
2022-12-30,^VIX,21.670000076293945,22.799999237060547,20.959999084472656,21.670000076293945,0
2023-01-06,^VIX,23.09000015258789,23.760000228881836,21.0,21.1299991607666,0
2023-01-13,^VIX,21.75,22.459999084472656,18.010000228881836,18.350000381469727,0
2023-01-20,^VIX,19.889999389648438,21.709999084472656,18.709999084472656,19.850000381469727,0
2023-01-27,^VIX,20.209999084472656,20.899999618530273,17.969999313354492,18.510000228881836,0
2023-02-03,^VIX,19.760000228881836,20.700000762939453,17.059999465942383,18.329999923706055,0
2023-02-10,^VIX,19.229999542236328,21.940000534057617,18.43000030517578,20.530000686645508,0
2023-02-17,^VIX,21.65999984741211,21.690000534057617,18.110000610351562,20.020000457763672,0
2023-02-24,^VIX,21.799999237060547,23.6299991607666,20.889999389648438,21.670000076293945,0
2023-03-03,^VIX,21.989999771118164,22.020000457763672,18.15999984741211,18.489999771118164,0
2023-03-10,^VIX,19.049999237060547,28.969999313354492,18.489999771118164,24.799999237060547,0
2023-03-17,^VIX,24.049999237060547,30.809999465942383,22.270000457763672,25.510000228881836,0
2023-03-24,^VIX,27.770000457763672,28.90999984741211,19.940000534057617,21.739999771118164,0
2023-03-31,^VIX,22.049999237060547,22.93000030517578,18.520000457763672,18.700000762939453,0
2023-04-07,^VIX,19.790000915527344,20.079999923706055,18.350000381469727,18.399999618530273,0
2023-04-14,^VIX,19.389999389648438,20.049999237060547,17.06999969482422,17.06999969482422,0
2023-04-21,^VIX,17.579999923706055,17.790000915527344,16.170000076293945,16.770000457763672,0
2023-04-28,^VIX,18.219999313354492,19.860000610351562,15.720000267028809,15.779999732971191,0
2023-05-05,^VIX,16.40999984741211,21.329999923706055,15.529999732971191,17.190000534057617,0
2023-05-12,^VIX,17.729999542236328,18.309999465942383,16.360000610351562,17.030000686645508,0
2023-05-19,^VIX,17.440000534057617,18.299999237060547,15.850000381469727,16.809999465942383,0
2023-05-26,^VIX,17.450000762939453,20.809999465942383,16.81999969482422,17.950000762939453,0
2023-06-02,^VIX,17.559999465942383,18.399999618530273,14.420000076293945,14.600000381469727,0
2023-06-09,^VIX,15.279999732971191,15.289999961853027,13.5,13.829999923706055,0
2023-06-16,^VIX,14.4399995803833,15.0600004196167,13.479999542236328,13.539999961853027,0
2023-06-23,^VIX,14.359999656677246,14.670000076293945,12.729999542236328,13.4399995803833,0
2023-06-30,^VIX,14.430000305175781,14.710000038146973,12.960000038146973,13.59000015258789,0
2023-07-07,^VIX,13.850000381469727,17.079999923706055,13.470000267028809,14.829999923706055,0
2023-07-14,^VIX,16.079999923706055,16.209999084472656,13.119999885559082,13.34000015258789,0
2023-07-21,^VIX,13.779999732971191,14.229999542236328,13.119999885559082,13.600000381469727,0
2023-07-28,^VIX,14.289999961853027,15.020000457763672,12.739999771118164,13.329999923706055,0
2023-08-04,^VIX,13.979999542236328,17.420000076293945,13.569999694824219,17.100000381469727,0
2023-08-11,^VIX,16.899999618530273,18.139999389648438,14.600000381469727,14.84000015258789,0
2023-08-18,^VIX,15.880000114440918,18.8799991607666,14.770000457763672,17.299999237060547,0
2023-08-25,^VIX,18.030000686645508,18.110000610351562,15.449999809265137,15.680000305175781,0
2023-09-01,^VIX,16.239999771118164,16.280000686645508,13.020000457763672,13.09000015258789,0
2023-09-08,^VIX,14.149999618530273,15.6899995803833,13.579999923706055,13.84000015258789,0
2023-09-15,^VIX,14.170000076293945,14.680000305175781,12.680000305175781,13.789999961853027,0
2023-09-22,^VIX,14.399999618530273,17.540000915527344,13.569999694824219,17.200000762939453,0
2023-09-29,^VIX,17.25,19.709999084472656,15.829999923706055,17.520000457763672,0
2023-10-06,^VIX,17.309999465942383,20.8799991607666,16.93000030517578,17.450000762939453,0
2023-10-13,^VIX,19.540000915527344,20.780000686645508,15.4399995803833,19.31999969482422,0
2023-10-20,^VIX,19.100000381469727,21.829999923706055,16.969999313354492,21.709999084472656,0
2023-10-27,^VIX,21.829999923706055,23.079999923706055,18.649999618530273,21.270000457763672,0
2023-11-03,^VIX,21.1299991607666,21.15999984741211,14.90999984741211,14.90999984741211,0
2023-11-10,^VIX,15.390000343322754,15.579999923706055,14.130000114440918,14.170000076293945,0
2023-11-17,^VIX,15.15999984741211,15.1899995803833,13.670000076293945,13.800000190734863,0
2023-11-24,^VIX,14.260000228881836,14.3100004196167,12.449999809265137,12.460000038146973,0
2023-12-01,^VIX,13.140000343322754,14.300000190734863,12.479999542236328,12.630000114440918,0
2023-12-08,^VIX,13.279999732971191,13.760000228881836,12.350000381469727,12.350000381469727,0
2023-12-15,^VIX,13.050000190734863,13.140000343322754,11.8100004196167,12.279999732971191,0
2023-12-22,^VIX,12.619999885559082,14.489999771118164,12.289999961853027,13.029999732971191,0
2023-12-29,^VIX,13.770000457763672,13.800000190734863,12.359999656677246,12.449999809265137,0
2024-01-05,^VIX,13.220000267028809,14.579999923706055,13.100000381469727,13.350000381469727,0
2024-01-12,^VIX,14.0,14.180000305175781,12.350000381469727,12.699999809265137,0
2024-01-19,^VIX,14.119999885559082,15.399999618530273,13.279999732971191,13.300000190734863,0
2024-01-26,^VIX,13.770000457763672,14.100000381469727,12.40999984741211,13.260000228881836,0
2024-02-02,^VIX,13.979999542236328,15.350000381469727,13.180000305175781,13.850000381469727,0
2024-02-09,^VIX,14.369999885559082,14.529999732971191,12.6899995803833,12.930000305175781,0
2024-02-16,^VIX,13.479999542236328,17.940000534057617,13.34000015258789,14.239999771118164,0
2024-02-23,^VIX,15.09000015258789,16.1200008392334,13.640000343322754,13.75,0
2024-03-01,^VIX,14.170000076293945,14.199999809265137,13.079999923706055,13.109999656677246,0
2024-03-08,^VIX,13.489999771118164,15.529999732971191,13.319999694824219,14.739999771118164,0
2024-03-15,^VIX,15.510000228881836,16.040000915527344,13.420000076293945,14.40999984741211,0
2024-03-22,^VIX,14.75,14.859999656677246,12.399999618530273,13.0600004196167,0
2024-03-29,^VIX,13.670000076293945,13.670000076293945,12.65999984741211,13.010000228881836,0
2024-04-05,^VIX,13.609999656677246,16.920000076293945,13.550000190734863,16.030000686645508,0
2024-04-12,^VIX,16.239999771118164,19.200000762939453,14.59000015258789,17.309999465942383,0
2024-04-19,^VIX,16.940000534057617,21.360000610351562,16.260000228881836,18.709999084472656,0
2024-04-26,^VIX,18.59000015258789,18.719999313354492,14.920000076293945,15.029999732971191,0
2024-05-03,^VIX,15.369999885559082,16.219999313354492,13.479999542236328,13.489999771118164,0
2024-05-10,^VIX,13.979999542236328,14.020000457763672,12.5,12.550000190734863,0
2024-05-17,^VIX,13.260000228881836,14.029999732971191,11.90999984741211,11.989999771118164,0
2024-05-24,^VIX,12.270000457763672,13.369999885559082,11.520000457763672,11.930000305175781,0
2024-05-31,^VIX,12.510000228881836,14.880000114440918,12.359999656677246,12.920000076293945,0
2024-06-07,^VIX,13.079999923706055,14.3100004196167,12.109999656677246,12.220000267028809,0
2024-06-14,^VIX,13.09000015258789,13.470000267028809,11.880000114440918,12.65999984741211,0
2024-06-21,^VIX,13.069999694824219,13.779999732971191,12.180000305175781,13.199999809265137,0
2024-06-28,^VIX,13.850000381469727,13.880000114440918,11.869999885559082,12.4399995803833,0
2024-07-05,^VIX,12.979999542236328,13.260000228881836,11.84000015258789,12.479999542236328,0
2024-07-12,^VIX,12.90999984741211,13.329999923706055,12.109999656677246,12.460000038146973,0
2024-07-19,^VIX,12.779999732971191,17.190000534057617,10.619999885559082,16.520000457763672,0
2024-07-26,^VIX,16.790000915527344,19.360000610351562,13.899999618530273,16.389999389648438,0
2024-08-02,^VIX,16.59000015258789,29.65999984741211,15.710000038146973,23.389999389648438,0
2024-08-09,^VIX,23.389999389648438,65.7300033569336,20.260000228881836,20.3700008392334,0
2024-08-16,^VIX,20.790000915527344,21.190000534057617,14.649999618530273,14.800000190734863,0
2024-08-23,^VIX,15.9399995803833,18.059999465942383,14.460000038146973,15.859999656677246,0
2024-08-30,^VIX,16.270000457763672,17.889999389648438,14.779999732971191,15.0,0
2024-09-06,^VIX,15.760000228881836,23.760000228881836,15.710000038146973,22.3799991607666,0
2024-09-13,^VIX,21.31999969482422,21.40999984741211,16.229999542236328,16.559999465942383,0
2024-09-20,^VIX,17.15999984741211,19.389999389648438,15.8100004196167,16.149999618530273,0
2024-09-27,^VIX,16.709999084472656,16.969999313354492,14.899999618530273,16.959999084472656,0
2024-10-04,^VIX,17.010000228881836,20.75,16.469999313354492,19.209999084472656,0
2024-10-11,^VIX,20.760000228881836,23.139999389648438,20.139999389648438,20.459999084472656,0
2024-10-18,^VIX,20.860000610351562,21.010000228881836,17.989999771118164,18.030000686645508,0
2024-10-25,^VIX,18.780000686645508,20.510000228881836,18.049999237060547,20.329999923706055,0
2024-11-01,^VIX,19.110000610351562,23.420000076293945,18.90999984741211,21.8799991607666,0
2024-11-08,^VIX,22.5,23.06999969482422,14.65999984741211,14.9399995803833,0
2024-11-15,^VIX,15.329999923706055,17.549999237060547,13.59000015258789,16.139999389648438,0
2024-11-22,^VIX,16.600000381469727,18.790000915527344,15.239999771118164,15.239999771118164,0
2024-11-29,^VIX,15.229999542236328,15.720000267028809,13.489999771118164,13.510000228881836,0
2024-12-06,^VIX,14.079999923706055,14.100000381469727,12.699999809265137,12.770000457763672,0
2024-12-13,^VIX,13.359999656677246,14.539999961853027,13.239999771118164,13.8100004196167,0
2024-12-20,^VIX,14.369999885559082,28.31999969482422,13.989999771118164,18.360000610351562,0
2024-12-27,^VIX,18.09000015258789,20.020000457763672,14.270000457763672,15.949999809265137,0
2025-01-03,^VIX,17.209999084472656,19.5,16.110000610351562,16.1299991607666,0
2025-01-10,^VIX,16.770000457763672,20.309999465942383,15.710000038146973,19.540000915527344,0
2025-01-17,^VIX,21.18000030517578,22.040000915527344,15.529999732971191,15.970000267028809,0
2025-01-24,^VIX,16.290000915527344,16.290000915527344,14.579999923706055,14.850000381469727,0
2025-01-31,^VIX,18.829999923706055,22.510000228881836,14.899999618530273,16.43000030517578,0
2025-02-07,^VIX,20.360000610351562,20.420000076293945,14.789999961853027,16.540000915527344,0
2025-02-14,^VIX,16.579999923706055,17.18000030517578,14.739999771118164,14.770000457763672,0
2025-02-21,^VIX,15.569999694824219,19.030000686645508,15.050000190734863,18.209999084472656,0
2025-02-28,^VIX,18.079999923706055,22.399999618530273,17.309999465942383,19.6299991607666,0
2025-03-07,^VIX,19.829999923706055,26.559999465942383,19.25,23.3700008392334,0
2025-03-14,^VIX,24.700000762939453,29.56999969482422,21.479999542236328,21.770000457763672,0
2025-03-21,^VIX,22.889999389648438,22.950000762939453,19.149999618530273,19.280000686645508,0
2025-03-28,^VIX,19.1299991607666,22.18000030517578,16.969999313354492,21.649999618530273,0
2025-04-04,^VIX,24.110000610351562,45.61000061035156,20.68000030517578,45.310001373291016,0
2025-04-11,^VIX,60.130001068115234,60.130001068115234,31.899999618530273,37.560001373291016,0
2025-04-18,^VIX,34.7599983215332,35.16999816894531,28.290000915527344,29.649999618530273,0
2025-04-25,^VIX,32.75,35.75,24.84000015258789,24.84000015258789,0
2025-05-02,^VIX,25.75,28.170000076293945,22.34000015258789,22.68000030517578,0
2025-05-09,^VIX,24.25,25.6200008392334,21.829999923706055,21.899999618530273,0
2025-05-16,^VIX,19.84000015258789,20.440000534057617,17.149999618530273,17.239999771118164,0
2025-05-23,^VIX,19.84000015258789,25.530000686645508,17.700000762939453,22.290000915527344,0
2025-05-30,^VIX,20.6299991607666,21.010000228881836,18.110000610351562,18.56999969482422,0
2025-06-06,^VIX,19.809999465942383,20.450000762939453,16.649999618530273,16.770000457763672,0
2025-06-13,^VIX,17.690000534057617,22.0,16.229999542236328,20.81999969482422,0
2025-06-20,^VIX,19.780000686645508,21.790000915527344,18.670000076293945,20.6200008392334,0
2025-06-27,^VIX,21.149999618530273,22.510000228881836,16.110000610351562,16.31999969482422,0
2025-07-04,^VIX,17.190000534057617,17.479999542236328,16.139999389648438,16.3799991607666,0
2025-07-11,^VIX,17.829999923706055,18.5,15.699999809265137,16.399999618530273,0
2025-07-18,^VIX,17.729999542236328,19.479999542236328,16.280000686645508,16.40999984741211,0
2025-07-25,^VIX,16.8700008392334,17.479999542236328,14.920000076293945,14.930000305175781,0
2025-08-01,^VIX,15.149999618530273,21.899999618530273,14.699999809265137,20.3799991607666,0
2025-08-08,^VIX,19.559999465942383,19.579999923706055,15.149999618530273,15.149999618530273,0
2025-08-15,^VIX,15.8100004196167,16.559999465942383,14.300000190734863,15.09000015258789,0
2025-08-22,^VIX,15.729999542236328,17.239999771118164,14.210000038146973,14.220000267028809,0
2025-08-29,^VIX,15.050000190734863,15.970000267028809,14.119999885559082,15.359999656677246,0
2025-09-05,^VIX,16.649999618530273,19.3799991607666,14.739999771118164,15.180000305175781,0
2025-09-12,^VIX,15.579999923706055,15.819999694824219,14.40999984741211,14.760000228881836,0
2025-09-19,^VIX,15.140000343322754,16.75,14.329999923706055,15.449999809265137,0
2025-09-26,^VIX,16.139999389648438,17.739999771118164,15.289999961853027,15.289999961853027,0
2025-10-03,^VIX,15.84000015258789,17.280000686645508,15.739999771118164,16.649999618530273,0
2025-10-10,^VIX,16.739999771118164,22.440000534057617,16.190000534057617,21.65999984741211,0
2025-10-17,^VIX,19.450000762939453,28.989999771118164,18.610000610351562,20.780000686645508,0
2025-10-24,^VIX,20.530000686645508,21.020000457763672,16.020000457763672,16.3700008392334,0
2025-10-31,^VIX,15.729999542236328,18.540000915527344,15.619999885559082,17.440000534057617,0
2025-11-07,^VIX,18.059999465942383,22.719999313354492,17.0,19.079999923706055,0
2025-11-14,^VIX,18.579999923706055,23.030000686645508,17.100000381469727,19.829999923706055,0
2025-11-21,^VIX,19.579999923706055,28.270000457763672,19.280000686645508,23.43000030517578,0
2025-11-28,^VIX,22.690000534057617,23.68000030517578,15.779999732971191,16.350000381469727,0
2025-12-05,^VIX,18.049999237060547,18.329999923706055,15.279999732971191,15.40999984741211,0
2025-12-12,^VIX,16.149999618530273,17.850000381469727,14.850000381469727,15.739999771118164,0
2025-12-19,^VIX,16.510000228881836,18.0,14.90999984741211,14.90999984741211,0
2025-12-26,^VIX,15.15999984741211,15.260000228881836,13.380000114440918,13.600000381469727,0
2026-01-02,^VIX,14.6899995803833,15.420000076293945,13.989999771118164,14.510000228881836,0
2026-01-09,^VIX,15.140000343322754,15.850000381469727,14.430000305175781,14.489999771118164,0
2026-01-16,^VIX,16.059999465942383,18.100000381469727,14.75,15.859999656677246,0
2026-01-23,^VIX,19.940000534057617,20.989999771118164,15.270000457763672,16.09000015258789,0
2026-01-30,^VIX,16.899999618530273,19.739999771118164,15.739999771118164,17.440000534057617,0
2026-02-06,^VIX,19.950000762939453,23.100000381469727,16.049999237060547,20.3700008392334,0
2026-02-13,^VIX,17.950000762939453,22.399999618530273,16.75,20.600000381469727,0
2026-02-20,^VIX,21.739999771118164,22.959999084472656,18.479999542236328,19.09000015258789,0
2026-02-27,^VIX,20.489999771118164,22.079999923706055,17.5,19.860000610351562,0
2026-03-06,^VIX,24.65999984741211,29.93000030517578,20.3700008392334,29.489999771118164,0
2026-03-13,^VIX,35.119998931884766,35.29999923706055,22.190000534057617,27.190000534057617,0
2026-03-20,^VIX,25.8799991607666,29.280000686645508,21.469999313354492,26.780000686645508,0
2026-03-27,^VIX,30.040000915527344,31.649999618530273,20.280000686645508,31.049999237060547,0
2026-04-03,^VIX,30.790000915527344,31.520000457763672,23.5,23.8700008392334,0
2026-04-10,^VIX,24.93000030517578,28.0,18.829999923706055,19.229999542236328,0
2026-04-17,^VIX,21.170000076293945,21.579999923706055,16.8700008392334,17.479999542236328,0
2026-04-24,^VIX,19.579999923706055,21.559999465942383,18.459999084472656,18.709999084472656,0
2026-05-01,^VIX,19.209999084472656,19.43000030517578,16.440000534057617,16.989999771118164,0
2026-05-08,^VIX,17.3799991607666,19.079999923706055,16.18000030517578,17.190000534057617,0
2026-05-15,^VIX,18.209999084472656,19.270000457763672,17.200000762939453,18.43000030517578,0
2026-05-22,^VIX,19.25,19.440000534057617,16.459999084472656,16.700000762939453,0
2026-05-29,^VIX,16.809999465942383,17.229999542236328,15.220000267028809,15.319999694824219,0
2026-06-05,^VIX,15.880000114440918,21.56999969482422,15.180000305175781,21.510000228881836,0
2026-06-12,^VIX,20.290000915527344,23.34000015258789,17.520000457763672,17.68000030517578,0
2026-06-19,^VIX,16.780000686645508,18.84000015258789,15.770000457763672,16.399999618530273,0
